device,display,cycle,mask,phase,window_id,start_s,end_s,target_V,transient_B_V,tau_s,rmse_mV,residual_fraction_pct,r2,residual_lag1,tau_iid_SE_s,target_iid_SE_mV,fit_parameter_corr_target_tau,bound_hit
C2D1,1,1,0000,on,0,0.24,6.2,-0.5158095618456157,0.7735624910458337,1.4391438481036445,18.653549018785366,3.274825530199811,0.9875195763471535,0.9963435790614792,0.03454400943791077,3.709046681979731,-0.8212533724740255,False
C2D1,1,1,0000,on,1,0.08,6.2,-0.5221225478810049,0.7394718673294907,1.5441357321279319,21.36787916521736,3.6924080865916453,0.9859163656092608,0.9920366848159821,0.03974528421992833,4.423361937362574,-0.8351252713073896,False
C2D1,1,1,0000,on,2,0.4,6.2,-0.5115215919502002,0.807740363857815,1.3624920117929413,17.288159411658867,3.3009097604059985,0.9872462090332498,0.995883789462739,0.03308595342118347,3.3741261887280256,-0.8122139743475449,False
C2D1,1,1,0000,on,3,0.8,6.2,-0.5020265171905017,0.9542258751477198,1.168212055746688,13.66020982614302,3.2614149186709263,0.98721602951348,0.9942279046324385,0.02839129417044863,2.5227500508571494,-0.783694113708379,False
C2D1,1,1,0000,on,4,0.24,4.8,-0.5567624515922344,0.7854764537582944,1.6796425757232085,15.671600690445997,2.7517023904937092,0.9919218420097577,0.9958014891047299,0.04803637491667901,6.5263285762703545,-0.9238935387722751,False
C2D1,1,1,0000,on,5,0.24,5.6,-0.5275874384859564,0.7752263966474046,1.5110439298404772,17.926762883333854,3.1472306264646046,0.988968568123531,0.9962356437179568,0.0390917562813254,4.594508639226249,-0.8669097188215531,False
C2D1,1,1,0000,off,0,0.2,11.8,0.06967779122538442,-0.5472910758367774,5.014895645617618,1.0177987491109333,0.2128581347011004,0.9999398811553355,0.9414406703488373,0.008643347988032821,0.34460357888415855,0.9463478604255634,False
C2D1,1,1,0000,off,1,0.08,11.8,0.06878612371322748,-0.5475770176606326,4.98600809140695,1.2472633277817449,0.25257111796014164,0.9999144905859705,0.958699796583636,0.010068691751785347,0.40865651835511846,0.9444188401344787,False
C2D1,1,1,0000,off,2,0.4,11.8,0.07077775933478783,-0.5468689039683411,5.051146517518592,0.7741667446838074,0.1702245465637481,0.9999619711508819,0.9016296653674102,0.0071218421599086295,0.275928275493607,0.9491739305384636,False
C2D1,1,1,0000,off,3,0.8,11.8,0.07222327449912207,-0.546136676652224,5.100243447740955,0.5122652317414068,0.1238932017603371,0.9999801366344476,0.7804069898146377,0.005487561665225484,0.20127114767741736,0.9540088988519487,False
C2D1,1,1,0000,off,4,0.2,8.0,0.06358662926232655,-0.5425550732315993,4.903072230922668,1.0081167135759197,0.24132196260618297,0.9999261637457333,0.9381182828500885,0.015688708473683782,0.8209471958621464,0.9764019662949868,False
C2D1,1,1,0000,off,5,0.2,10.0,0.06696787157868572,-0.5452775844101144,4.962475594809817,0.992150367129255,0.21842569222216857,0.9999382678351401,0.9342599699609473,0.010729293288485351,0.48352336469766094,0.9621224644962525,False
C2D1,1,1,1111,on,0,0.24,6.2,0.5102747786257485,-0.8345923084882302,1.6213107909011344,20.841567893083212,3.403851632779236,0.9873830820419678,0.9957860131293264,0.04166457467040584,4.8205707526336266,0.8572102379732781,False
C2D1,1,1,1111,on,1,0.08,6.2,0.5203264495884763,-0.7975084505901722,1.7650082550948285,24.821623005093013,4.053875525466406,0.984180620977009,0.9915324986136456,0.051912645094341146,6.135649286116652,0.8728218885295949,False
C2D1,1,1,1111,on,2,0.4,6.2,0.5043947008884576,-0.8670729330827585,1.5322095802643674,19.30053639103053,3.357188754072506,0.9873815352259852,0.9962530564235038,0.03928646587131722,4.354738779264359,0.8488716850966136,False
C2D1,1,1,1111,on,3,0.8,6.2,0.4918982081781061,-0.9981283558324046,1.319451092869302,15.651033541351039,3.32454444944246,0.9873250241193544,0.9949490729459172,0.033768438906025405,3.320035002635128,0.8250690621897429,False
C2D1,1,1,1111,on,4,0.24,4.8,0.5718467763737259,-0.8622802286428394,1.9672309706253983,16.604467514413216,2.7270125167795856,0.9924651097167536,0.9944237603020887,0.061175451669649945,9.008697748460621,0.9461141045057152,False
C2D1,1,1,1111,on,5,0.24,5.6,0.5271583087093337,-0.8397362676458473,1.7203160779018514,19.823104338183672,3.2443521939702764,0.9889746928428536,0.9955103606465417,0.04820547347173445,6.125686199812873,0.8979112622420807,False
C2D1,1,1,1111,off,0,0.2,11.8,0.05811435339335882,0.399280404960272,4.64885232367861,1.0510068002700517,0.2942888362492687,0.9998816669464166,0.9135684066257185,0.010604721587895126,0.3127874675587627,-0.9366416608853917,False
C2D1,1,1,1111,off,1,0.08,11.8,0.05888046228111828,0.39971885971951054,4.6145286147787425,1.2684917310288617,0.3426527009885602,0.9998373904999189,0.9382969501662083,0.012113734617188027,0.3645977674127409,-0.9341422967143956,False
C2D1,1,1,1111,off,2,0.4,11.8,0.05718821990715172,0.3986828608406909,4.691123988220541,0.8338588193101456,0.24654478247077896,0.999918076040387,0.8667422408575628,0.00916471332952585,0.2617728190271829,-0.9402068272987876,False
C2D1,1,1,1111,off,3,0.8,11.8,0.055922248342476326,0.39767386162028184,4.750912453508951,0.6055653541971214,0.19854504457334593,0.9999478964334443,0.7590754514614401,0.007824436459204585,0.21025855579334293,-0.9462340649240548,False
C2D1,1,1,1111,off,4,0.2,8.0,0.06528165110066682,0.39392513713568256,4.475995531422186,0.9228707647162463,0.294107547661922,0.9998889357502193,0.8852869208313375,0.016213784694951355,0.6343700894365021,-0.9712154157994719,False
C2D1,1,1,1111,off,5,0.2,10.0,0.0608307086408731,0.39738230529387364,4.578621392504609,0.9786632284143834,0.28775041266931994,0.9998904503980435,0.9007027556837561,0.012341890465349574,0.4131764688592582,-0.9547753737869327,False
C2D1,1,2,0000,on,0,0.24,6.2,-0.5101076654437511,0.7858740090692686,1.3838245751715994,18.71392207469117,3.2517563013590896,0.987542879934528,0.9957189454118869,0.03256821906045896,3.553619893299058,-0.8082979623696199,False
C2D1,1,2,0000,on,1,0.08,6.2,-0.5169505476361527,0.7448041602846207,1.499212802967495,22.26197032702744,3.8580281752792636,0.9848081243309595,0.9909306009220542,0.039503980727373614,4.443664830059982,-0.8258769595811636,False
C2D1,1,2,0000,on,2,0.4,6.2,-0.5058723291200292,0.8238491110106436,1.3070209801585433,17.172105137850373,3.2424484514091945,0.9874524401990923,0.9953257696656334,0.03088077463583786,3.196454354395081,-0.7980808984472139,False
C2D1,1,2,0000,on,3,0.8,6.2,-0.4967373300930165,0.985024710882681,1.1162189308232535,13.25273486167355,3.1466134319761676,0.9877650788785012,0.9933250424641018,0.02604199322335057,2.3348896321653694,-0.7671076541391334,False
C2D1,1,2,0000,on,4,0.24,4.8,-0.5450985320406069,0.7939553009042286,1.583230097403573,16.69412037187624,2.914156765385451,0.9909621823247057,0.9952938541223124,0.04595998290889546,6.325833372471242,-0.913570893289047,False
C2D1,1,2,0000,on,5,0.24,5.6,-0.5198947232695638,0.7866413981619268,1.4418961072994279,18.37359815945679,3.200144724991589,0.9885180199317827,0.9956757676381315,0.03706526789065231,4.42038385479233,-0.8540786273030705,False
C2D1,1,2,0000,off,0,0.2,11.8,0.06936734162474543,-0.5449458189618736,4.984080654232378,0.9950806016172946,0.2088096516366767,0.9999421363074209,0.9168903976206773,0.008387015689805712,0.33335417499960857,0.9456158108086177,False
C2D1,1,2,0000,off,1,0.08,11.8,0.0685792068157141,-0.5452124133755702,4.958423453128476,1.1853677077236757,0.24104517923057187,0.9999222257935747,0.939578888887852,0.009508264675926047,0.38470296285212024,0.9437372661796529,False
C2D1,1,2,0000,off,2,0.4,11.8,0.07040820612577019,-0.5445258092799219,5.018550340589145,0.7674026068559182,0.1694312235085265,0.9999623638935569,0.8639559629685636,0.007003272792797058,0.2704609832626011,0.9484445559848795,False
C2D1,1,2,0000,off,3,0.8,11.8,0.0718015281357244,-0.5437802492827495,5.066164776054174,0.5239684312775338,0.1272827243751618,0.9999790537510767,0.7424297674850724,0.005567306065891435,0.20345575784007194,0.9533246677326381,False
C2D1,1,2,0000,off,4,0.2,8.0,0.06203228527318819,-0.539243888775931,4.849852036316696,0.8829810906975499,0.21215979839974838,0.9999430622004564,0.8736698234601713,0.013495911689334122,0.7045104007266002,0.9758354507560378,False
C2D1,1,2,0000,off,5,0.2,10.0,0.06659878132703559,-0.5428984757078601,4.930398051714331,0.956112689715501,0.21081556057581785,0.9999423306010119,0.9018192863794052,0.01024755781138027,0.46055560526096684,0.9615780645155197,False
C2D1,1,2,1111,on,0,0.24,6.2,0.5172800904428535,-0.8562156938231865,1.7562719601942247,20.00824219533122,3.1597573031813693,0.9892529429603509,0.9960070296192447,0.04360570291007858,5.167809787291235,0.8782342183574918,False
C2D1,1,2,1111,on,1,0.08,6.2,0.5285407306139579,-0.8244849547340783,1.9054751798504868,23.827578565404526,3.7629175343915535,0.9864496627784912,0.9917940501437432,0.05431189875244102,6.576083092402512,0.8912356134589741,False
C2D1,1,2,1111,on,2,0.4,6.2,0.5106093674402788,-0.8843601841981126,1.6631091829970004,18.494713904939516,3.096889707617863,0.9893867940068218,0.996443513920834,0.04093118648363892,4.661104430977942,0.8713451080933682,False
C2D1,1,2,1111,on,3,0.8,6.2,0.4967454517588959,-0.9925409139608056,1.448252439405485,15.18291894416629,3.0737336760412015,0.9893302101120158,0.9954592740347916,0.03567674971188052,3.6243025472444663,0.8532165023550979,False
C2D1,1,2,1111,on,4,0.24,4.8,0.5919795006332449,-0.8957407364035833,2.176442106196119,14.62845490863088,2.32508827099319,0.9944731569082615,0.9941552478152585,0.0627869172795112,9.471641686833248,0.956864442251997,False
C2D1,1,2,1111,on,5,0.24,5.6,0.5380977227466112,-0.864416982709375,1.8785967655998144,18.5294569073213,2.9334053546544188,0.991033195038191,0.9956383673223205,0.050324018491728156,6.559481079083701,0.9152880049626271,False
C2D1,1,2,1111,off,0,0.2,11.8,0.042111823172373136,0.41367331539181396,4.669156746733096,0.9795527062507281,0.26660617672624926,0.9999041562554581,0.9257156396627554,0.009617139163713807,0.29366416341237517,-0.9372429248038868,False
C2D1,1,2,1111,off,1,0.08,11.8,0.04274057528668251,0.4140229206765902,4.641972674755654,1.1356112677814278,0.29876254038326305,0.9998783569646051,0.9428767479071354,0.010586270064034611,0.32965031873233724,-0.9349897567696125,False
C2D1,1,2,1111,off,2,0.4,11.8,0.041308479602020574,0.4131631775211459,4.704545881584422,0.8144882414037936,0.2332963602016279,0.9999271921832814,0.894235246295997,0.008683429698630875,0.2569337194075455,-0.9405802417487161,False
C2D1,1,2,1111,off,3,0.8,11.8,0.04005686386858615,0.4121724288414186,4.761606750359218,0.5921886756399173,0.1873301956323471,0.9999536144248573,0.8160111001882158,0.007412274024374631,0.20641265868663042,-0.946499254040982,False
C2D1,1,2,1111,off,4,0.2,8.0,0.04892876838120066,0.4085751393379547,4.509716480659241,0.8316289480338092,0.2572969657141761,0.9999158065861391,0.8989900650527636,0.014316076197515078,0.5796320754040906,-0.971683916057805,False
C2D1,1,2,1111,off,5,0.2,10.0,0.044747430197754706,0.41182910833197717,4.603134067991795,0.8916086576407269,0.25456744658710817,0.9999151788228632,0.9149267094477641,0.01096538089429975,0.37998911259394064,-0.9553042057042095,False
C2D1,1,3,0000,on,0,0.24,6.2,-0.5101051467886999,0.7973409553942621,1.3028175010343759,19.063350743991734,3.3094908577688513,0.9869458248910362,0.9950039636087781,0.030560455347751148,3.384840072730116,-0.7873917065080901,False
C2D1,1,3,0000,on,1,0.08,6.2,-0.5166368044705454,0.7505549816253161,1.4168338583282376,22.96997407302633,3.975615642630445,0.9837659449600256,0.9904437488708144,0.03757551737373266,4.2888311816288605,-0.8073108778545175,False
C2D1,1,3,0000,on,2,0.4,6.2,-0.5060836858061216,0.8408408277710704,1.2269791837819,17.339804901167245,3.276530081145716,0.9869615431093404,0.9946666347924595,0.02876871431805251,3.0157853539747435,-0.7755992823695262,False
C2D1,1,3,0000,on,3,0.8,6.2,-0.4975378070093026,1.0284122142550716,1.039300448058979,12.974532255517296,3.1189674379107264,0.9876975274227252,0.9919578843498202,0.023675508617860698,2.1341673842452074,-0.7401750885191027,False
C2D1,1,3,0000,on,4,0.24,4.8,-0.5412702440158481,0.8016876535415138,1.4749725905266629,17.230219978348583,2.994172435844036,0.9904088888776786,0.9945158069546798,0.04206389216662456,5.85282844325138,-0.8995705577399354,False
C2D1,1,3,0000,on,5,0.24,5.6,-0.5193944870994808,0.7972463888824808,1.3560002010954153,18.646356315589067,3.237098587014765,0.9881275693416246,0.9948795664194774,0.03430203010739888,4.1444189908669244,-0.8359560714617049,False
C2D1,1,3,0000,off,0,0.2,11.8,0.06782125907161887,-0.5424013797345827,4.969578901748644,1.093859924754374,0.2304517590230064,0.9999294763324835,0.9332198544360698,0.0092112977630943,0.3646138151276626,0.9452663421646241,False
C2D1,1,3,0000,off,1,0.08,11.8,0.0670726701788428,-0.542662033584323,4.94508094711288,1.2532270162662908,0.2564196023251469,0.9999123185663308,0.9480809084331409,0.010047593173317592,0.40485559402089033,0.9434033021987661,False
C2D1,1,3,0000,off,2,0.4,11.8,0.0689466366307394,-0.5419362856271193,5.007044817330413,0.851236247938015,0.18842291381418136,0.9999532714913291,0.8913986256389497,0.007771546722866877,0.29881584729450306,0.9481835075474664,False
C2D1,1,3,0000,off,3,0.8,11.8,0.07040905094661008,-0.5411468520132534,5.057251038609574,0.6113882081717041,0.14892522834754332,0.9999712085830963,0.7950369666948425,0.00650645264704688,0.2366672520845127,0.9531432628520603,False
C2D1,1,3,0000,off,4,0.2,8.0,0.06153936852550194,-0.5374733722094448,4.855534896714711,1.1223669518683361,0.2703246821231133,0.9999073306769952,0.9370266156106709,0.017255881021518964,0.8974738603272188,0.9758969073844805,False
C2D1,1,3,0000,off,5,0.2,10.0,0.06577419140042494,-0.5409083145711352,4.929255816789896,1.0990486812290043,0.2439354514359643,0.999923246316972,0.9307728329214705,0.011817263346193423,0.5291868231463787,0.9615584673213912,False
C2D1,1,3,1111,on,0,0.24,6.2,0.5160298978145381,-0.8575735670951168,1.7334606820790284,19.76526736111804,3.114750589382782,0.9894981881194572,0.9959295106300861,0.042205971201881215,5.011441848845266,0.8749703941506193,False
C2D1,1,3,1111,on,1,0.08,6.2,0.5269568211214909,-0.8254045025610979,1.8789507166202035,23.573423409866777,3.7148667467101264,0.9867476329623626,0.9915625622687181,0.0524880090447525,6.373239912288419,0.8880371797344674,False
C2D1,1,3,1111,on,2,0.4,6.2,0.509619820004108,-0.8857003032052134,1.6434122535906854,18.29547193115796,3.0673078789878154,0.9895740772906984,0.9963384142251894,0.03980420621841907,4.5352850575887445,0.868244285564416,False
C2D1,1,3,1111,on,3,0.8,6.2,0.49616075319600345,-0.994369463077691,1.4333407287764073,15.018072695386138,3.0459480442635214,0.9894618376941051,0.995561743963635,0.03488936855285867,3.5364823333908753,0.8502525622638883,False
C2D1,1,3,1111,on,4,0.24,4.8,0.5881211880771816,-0.8945845489578055,2.137412512465469,14.325671799470793,2.2670094796489186,0.9947064333631357,0.9939146744180701,0.059455735598840494,8.983163077909028,0.9551102389958107,False
C2D1,1,3,1111,on,5,0.24,5.6,0.5364941815813816,-0.865320889902653,1.853120291171543,18.21403614292496,2.8740426969089605,0.9913358080486055,0.9955057931469317,0.048330016335617246,6.310577762983363,0.9127764157955922,False
C2D1,1,3,1111,off,0,0.2,11.8,0.04178960847756626,0.4166456876894051,4.624723317742724,1.10215630729832,0.2967085166449887,0.9998806059088982,0.9374109122909319,0.010555402376152292,0.3251604212268988,-0.9359165029945209,False
C2D1,1,3,1111,off,1,0.08,11.8,0.042484533219616455,0.4170566034013604,4.594853200947109,1.2765438734348067,0.332813959026063,0.9998488669018818,0.9533277869577016,0.0115915458831856,0.36431049625756623,-0.933525128095316,False
C2D1,1,3,1111,off,2,0.4,11.8,0.0408641475315177,0.4160267927545615,4.665259868284008,0.8991812688964177,0.255590096230379,0.999912578047014,0.9103274225458456,0.009375388396630524,0.2796491485322335,-0.9394777920800904,False
C2D1,1,3,1111,off,3,0.8,11.8,0.03952792409512028,0.4149315219651863,4.725793988444535,0.6621783504954826,0.20831556674733165,0.9999427780622235,0.8357103316922795,0.00812265761514169,0.22782598352503175,-0.9456037384682857,False
C2D1,1,3,1111,off,4,0.2,8.0,0.04987131321471024,0.4106218580716081,4.438679204131287,0.8865381129613061,0.27018002781467043,0.999906108423033,0.9039040566300272,0.014676306337731237,0.6000568026852802,-0.9706834071161894,False
C2D1,1,3,1111,off,5,0.2,10.0,0.04490827171947089,0.41446271092223935,4.548015519456022,0.986225544781484,0.2778659214295127,0.9998979674285289,0.924824010373305,0.011767204472507946,0.41147531394049197,-0.9541022348442049,False
C2D1,1,4,0000,on,0,0.24,6.2,-0.5016368505469,0.7928937180700814,1.259187490560235,19.16463199581641,3.362973095891191,0.9863402396471398,0.9952501743528305,0.02979545896008332,3.2827453872984313,-0.7751225549394603,False
C2D1,1,4,0000,on,1,0.08,6.2,-0.5078167679248412,0.7439482285814192,1.370911337251802,23.10343410631819,4.041740342586489,0.9830732686614861,0.9903414839118692,0.03658618456933859,4.156542471347243,-0.7959987376304697,False
C2D1,1,4,0000,on,2,0.4,6.2,-0.4978282656516179,0.8387513173403868,1.184527835412497,17.41975832501965,3.3379139764443417,0.9862983421371743,0.9948665920361286,0.028083742528969953,2.9235213568354284,-0.7626221631363925,False
C2D1,1,4,0000,on,3,0.8,6.2,-0.4897464653731384,1.0399507216304547,0.9987120145177901,12.960030580570482,3.1820582132881885,0.9870063601745225,0.9923049942664961,0.023074681563230236,2.057249199782851,-0.7247805058718529,False
C2D1,1,4,0000,on,4,0.24,4.8,-0.531625472211517,0.7956903432354986,1.4237841854600122,17.214504290477688,3.020768402994516,0.9901802672259757,0.9947424601687423,0.04016119783758753,5.5465077232750115,-0.891887373230949,False
C2D1,1,4,0000,on,5,0.24,5.6,-0.5102955718231462,0.7923642220470136,1.3083663181211889,18.80899987749877,3.300567449584072,0.9875262721925223,0.9951496916120992,0.03332451784735522,4.000280103484221,-0.8247494847056628,False
C2D1,1,4,0000,off,0,0.2,11.8,0.06941716840243409,-0.540060291152482,5.001042121082143,1.0200270574385575,0.21600144352361428,0.9999380369961542,0.9007656712051039,0.008731742894479642,0.3437156455245323,0.9460205113910248,False
C2D1,1,4,0000,off,1,0.08,11.8,0.06861830552596974,-0.5403219330814578,4.974811869322547,1.209463323515433,0.24821085244264102,0.9999174776141302,0.9278231787732305,0.009851809483168687,0.39474748420513006,0.9441436289077516,False
C2D1,1,4,0000,off,2,0.4,11.8,0.07049470133100644,-0.5396375799098262,5.037036787549672,0.7852902967644156,0.1748122794308591,0.9999598396910621,0.8335038502481072,0.0072821165232479865,0.2785364745376209,0.948860046035172,False
C2D1,1,4,0000,off,3,0.8,11.8,0.07188395092631576,-0.5389195752370068,5.084871784229453,0.5512557261914139,0.13494494837231358,0.999976385759293,0.6615149124943079,0.005950743048468282,0.21544308655329303,0.9537020801910523,False
C2D1,1,4,0000,off,4,0.2,8.0,0.06282278814641554,-0.5349371979793275,4.878648785199955,0.9604497652563994,0.2329582822735541,0.9999312823839722,0.8915765129250829,0.014993059963800156,0.7748533842540114,0.9761444783611584,False
C2D1,1,4,0000,off,5,0.2,10.0,0.06683063858409935,-0.5381419674455994,4.950389932974184,1.003920606843673,0.22348999252551247,0.9999351767260312,0.8875417763066344,0.010945564072632972,0.48711695476248823,0.9619186908317856,False
C2D1,1,4,1111,on,0,0.24,6.2,0.5174386402600036,-0.8651392727804678,1.6711612322213019,20.700334682803852,3.238492305898066,0.9885432193379339,0.9961710098598024,0.041612051387239314,4.988252694033123,0.8654716298736924,False
C2D1,1,4,1111,on,1,0.08,6.2,0.5278774591414087,-0.8302750910546008,1.8121175573196586,24.53905289366427,3.839045851571386,0.9857657745611759,0.9917107137392904,0.051324524467741085,6.295939486496307,0.8794170282159535,False
C2D1,1,4,1111,on,2,0.4,6.2,0.5112541980968651,-0.8959059185245878,1.5827862141076403,19.19657506373841,3.2064665060589888,0.9885385236412535,0.9963465635784559,0.039356995273560395,4.521335213095549,0.8580920069537893,False
C2D1,1,4,1111,on,3,0.8,6.2,0.49801202265754546,-1.0190270229769562,1.3712439346034304,15.623492684346296,3.177140193683526,0.988502919466271,0.9951721470945851,0.034065011415278706,3.475665618906603,0.8371014232592332,False
C2D1,1,4,1111,on,4,0.24,4.8,0.5840150594087242,-0.8969049842809897,2.0361502784317227,15.99714453284087,2.5165993766146064,0.9934997185928758,0.9948517990046256,0.06039955822677562,9.21266259784407,0.9500459004376746,False
C2D1,1,4,1111,on,5,0.24,5.6,0.5362854043920928,-0.8714969480177456,1.7790667973875878,19.396569426661312,3.0347867962068578,0.9902574865084138,0.9959096959450303,0.04788272314647262,6.307872597237473,0.9048768116406187,False
C2D1,1,4,1111,off,0,0.2,11.8,0.04275500786845618,0.41731801974462607,4.642303248232281,1.0992777471619282,0.29505589111105257,0.9998815278274717,0.9525918230096677,0.01058474385535867,0.3263803133695941,-0.9364459901321258,False
C2D1,1,4,1111,off,1,0.08,11.8,0.043530488432832984,0.4177679780129594,4.609032988011761,1.3128148236302004,0.34108218887827507,0.9998405943800927,0.9665096895023874,0.01196883863301983,0.3765888289885067,-0.9339707271830066,False
C2D1,1,4,1111,off,2,0.4,11.8,0.04165736131171257,0.41660059791712406,4.690298675256999,0.798657714842934,0.22599525100148773,0.9999311731032291,0.9103796697230253,0.008397592404305708,0.25064739586579743,-0.94018375689296,False
C2D1,1,4,1111,off,3,0.8,11.8,0.04030005514601425,0.41552925430976906,4.751570212145915,0.4681280216431665,0.14759471931398635,0.9999714808304998,0.7907135926640356,0.005790150953469691,0.16257767926368613,-0.946250430413027,False
C2D1,1,4,1111,off,4,0.2,8.0,0.049009551089173174,0.41262532050383627,4.498465520238844,1.1128509545670293,0.3385193112646406,0.9998524004197468,0.9517286578978432,0.01886742392077258,0.7720671378973527,-0.971528869285723,False
C2D1,1,4,1111,off,5,0.2,10.0,0.04496326064118464,0.4157742587074596,4.587707532119107,1.0993953791739872,0.3086788077988703,0.99987362865179,0.9528402478718023,0.01330342485567083,0.4657746123476362,-0.9549724525446449,False
C2D1,1,5,0000,on,0,0.24,6.2,-0.5134333234900842,0.7724329433290481,1.4376584649260657,18.10975060991031,3.1813262251908814,0.9881872955451654,0.9960896234314346,0.03354421940071246,3.5964674314812966,-0.8209188489806977,False
C2D1,1,5,0000,on,1,0.08,6.2,-0.5199483740182897,0.7373435518774464,1.5461299191356648,21.061366687969393,3.6541083081416708,0.986239197700754,0.991520117455494,0.0393576850156734,4.366958896699046,-0.8355222076037011,False
C2D1,1,5,0000,on,2,0.4,6.2,-0.5091191041910554,0.8067913529069772,1.3605271877068108,16.675694563331284,3.181811336705632,0.9880812919388999,0.9956232690070241,0.03190301416695046,3.249128918027838,-0.8117327244057948,False
C2D1,1,5,0000,on,3,0.8,6.2,-0.49974864920764056,0.950706884931573,1.1688790489128127,13.024960120932302,3.115552189644076,0.9882898092220669,0.9936395370454366,0.02718009698659516,2.4068933488173014,-0.7838986551176836,False
C2D1,1,5,0000,on,4,0.24,4.8,-0.5529897330281699,0.7837012765324594,1.6703909409216968,15.23138466762957,2.6806958518608273,0.9923271519232425,0.9955665402718675,0.046364328765699014,6.286578956090214,-0.9229790657168033,False
C2D1,1,5,0000,on,5,0.24,5.6,-0.5248902893125871,0.7739674165306043,1.5078572229709883,17.384249443130845,3.0538779826392117,0.9895769897055858,0.9959970415064595,0.03786014965845034,4.44255327818936,-0.8663501284679456,False
C2D1,1,5,0000,off,0,0.2,11.8,0.06829608006861934,-0.5401509371656628,4.932763151164694,1.0741646828888047,0.22667741062504565,0.9999315580185307,0.9446561074617417,0.008955072379624831,0.3535072864387742,0.9443645723069727,False
C2D1,1,5,0000,off,1,0.08,11.8,0.0674925143217491,-0.5404489495848115,4.906341857945907,1.2660663434346016,0.2586715330755654,0.999909986220332,0.958270754110661,0.010039371694642732,0.40354680304117263,0.9424174685336488,False
C2D1,1,5,0000,off,2,0.4,11.8,0.06934527161717033,-0.5396903646060233,4.967873224592781,0.8565071991571248,0.19011395250343358,0.999952374148534,0.9158898747509904,0.007736401898457406,0.2966070785662658,0.9472803532928138,False
C2D1,1,5,0000,off,3,0.8,11.8,0.07079341871475746,-0.5388646444799985,5.017869230715149,0.6190078419965152,0.15124441467720146,0.9999702588629941,0.8406804769987339,0.0065202900176205844,0.23635243408083578,0.9523294477502391,False
C2D1,1,5,0000,off,4,0.2,8.0,0.06098010515772354,-0.5343628312162176,4.801811658310634,1.0487831035604471,0.2529074766805728,0.9999187170990437,0.9418593766625192,0.015825427512138834,0.8213809989614557,0.975306432359214,False
C2D1,1,5,0000,off,5,0.2,10.0,0.06670800199421634,-0.538986374351242,4.9017387721619405,1.1001049442221875,0.24392616468183842,0.999922735300601,0.9526298792669314,0.011735519097595569,0.5243950903906458,0.9610819099173378,False
C2D1,1,5,1111,on,0,0.24,6.2,0.5125517985695232,-0.8571978383214361,1.7201728355737969,21.182533229146454,3.3529960908488534,0.9879152820549224,0.996259210201864,0.04475783492217131,5.313038542323456,0.8730175890629026,False
C2D1,1,5,1111,on,1,0.08,6.2,0.5234330432157359,-0.8240264420070925,1.866297776906576,24.89643041631706,3.9408711393941864,0.9851831230365193,0.9921471201305557,0.05493648368046751,6.664849957737854,0.8864681039760486,False
C2D1,1,5,1111,on,2,0.4,6.2,0.5060392787437997,-0.886912527579786,1.6277967385884196,19.701264657842334,3.3191508575286797,0.9878971569747226,0.9964874567023096,0.04227886337577303,4.8200183138481,0.8657187280044071,False
C2D1,1,5,1111,on,3,0.8,6.2,0.49199961557184974,-1.0072726119142679,1.4059779754747912,16.10512460300824,3.2846539406147928,0.9879126459808447,0.9952726402456201,0.03630054581947396,3.6987277313892224,0.84462170230263,False
C2D1,1,5,1111,on,4,0.24,4.8,0.587182884121467,-0.8955615688812208,2.136478207207657,15.842526783027639,2.5140883728769747,0.9935483271314698,0.9947833590760845,0.0656243051699481,9.926666248614456,0.9550669822772333,False
C2D1,1,5,1111,on,5,0.24,5.6,0.5336840245219797,-0.8651417878796226,1.8432127703138983,19.630112440108707,3.1078290139615317,0.989938492708629,0.995954743549608,0.05164884379731094,6.744277379652657,0.9117722982522433,False
C2D1,1,5,1111,off,0,0.2,11.8,0.03995069974245549,0.4109962171917224,4.599611390618151,1.1156478835698174,0.3042529738865575,0.9998744025407434,0.9339007585589484,0.010723429860446844,0.3261557780612641,-0.9351493023295221,False
C2D1,1,5,1111,off,1,0.08,11.8,0.04059764051550226,0.4113911980130716,4.5713973277166335,1.2692745755321264,0.3348625458991436,0.9998466080831423,0.9484689185958155,0.011574058112415495,0.359167431562486,-0.9327786961697926,False
C2D1,1,5,1111,off,2,0.4,11.8,0.039049691066785824,0.4103732654340279,4.639667956770442,0.9244527214539852,0.26625628076332597,0.999905096021629,0.9058232270041039,0.009674172564014625,0.28484847534787433,-0.9387439482256236,False
C2D1,1,5,1111,off,3,0.8,11.8,0.037710370909214634,0.4092376079510688,4.701300615308727,0.6956334350717838,0.22241919889990736,0.9999350831718898,0.838925217450138,0.00857193796044806,0.23720802292841275,-0.9449788510286437,False
C2D1,1,5,1111,off,4,0.2,8.0,0.04813138494164039,0.404825592433779,4.412017148829444,0.9479757702343602,0.29273399516580567,0.9998899119037469,0.9140750517154528,0.015714306851305506,0.6345585777770757,-0.9702942987384314,False
C2D1,1,5,1111,off,5,0.2,10.0,0.04197321406935938,0.40959154166345063,4.549041738185654,1.1316876266910294,0.32275586377982907,0.9998624291157505,0.9346641971759704,0.013669482182743107,0.47235300001917097,-0.9541250399296918,False
C2D4,2,1,0000,on,0,0.24,6.2,-0.39657757535355054,0.8958963727510184,0.3428378795495431,3.8217330829353746,0.975803973721569,0.9971019428850295,0.7505665253231089,0.0030925855599194473,0.3605273413220004,-0.36078934756446907,False
C2D4,2,1,0000,on,1,0.08,6.2,-0.39896275447624524,0.603795442694085,0.4536427472397952,15.044771327902499,3.836808839964458,0.9727397185666659,0.911077390458815,0.012609987792048591,1.4647485499839612,-0.41733825395606605,False
C2D4,2,1,0000,on,2,0.4,6.2,-0.39594034314114285,1.0885237482906158,0.3093280618838837,1.217058609179244,0.4386650382995622,0.9993015353615768,0.8703513898880215,0.0013863298482985854,0.1151736093137151,-0.345813353942418,False
C2D4,2,1,0000,on,3,0.8,6.2,-0.39605569425247444,0.8457748113898915,0.3339716165301947,0.9537430415174328,1.2448827021680635,0.9943675320774907,0.8842804953835871,0.004430454090558816,0.09570695021413922,-0.3759581304141669,False
C2D4,2,1,0000,on,4,0.24,4.8,-0.3965173115038777,0.8962073237389813,0.3426616106677477,4.3626774718628605,1.1151318794004679,0.9969892788006145,0.7514384098838272,0.003640207482417622,0.4952497054709056,-0.4208234006212452,False
C2D4,2,1,0000,on,5,0.24,5.6,-0.396558020518044,0.8959972758061334,0.34278066205567004,4.02800812255997,1.0284722263120019,0.9970616165568665,0.7512605258536601,0.0032947529809870557,0.4080337053894075,-0.38321146787397914,False
C2D4,2,1,0000,off,0,0.2,11.8,-0.021326970390618264,-0.36679157403510315,4.30996982235527,1.3683776793524132,0.4107550371704981,0.9997649334183871,0.960190177709014,0.013104106778356802,0.35934966186100264,0.9252874262543567,False
C2D4,2,1,0000,off,1,0.08,11.8,-0.02203950942880524,-0.3674118771020536,4.274756958815409,1.5572576971074712,0.45079694461715364,0.9997139296341051,0.9685715671135657,0.01407559918727587,0.39482616641683244,0.9222374542548027,False
C2D4,2,1,0000,off,2,0.4,11.8,-0.020346104072268698,-0.3658497440823685,4.35946635013157,1.1402845027295154,0.362492239834525,0.9998192487224894,0.9444145280166673,0.01197395100258975,0.3166791487729165,0.9298180720940217,False
C2D4,2,1,0000,off,3,0.8,11.8,-0.018740171423224743,-0.3640307312279136,4.443611424011849,0.8023577822288894,0.2847834407411597,0.99989063243916,0.8871583440435133,0.010070481500417911,0.24858709254714945,0.9377356606869938,False
C2D4,2,1,0000,off,4,0.2,8.0,-0.02932407526792587,-0.36124606627876743,4.10341387789544,1.1285215260237333,0.38156699435968566,0.9998110960529223,0.9476445111170464,0.017993642589870764,0.6615966429494253,0.9651734286908924,False
C2D4,2,1,0000,off,5,0.2,10.0,-0.024919574481780712,-0.3644520388158756,4.21165780443567,1.213157500903155,0.380389559539907,0.9998048710940952,0.9485897508669122,0.014176855449320083,0.4427672052348479,0.9456444188702574,False
C2D4,2,1,1111,on,0,0.24,6.2,0.2555223934033404,-0.9020843881851502,0.24209542628378442,15.890512629839787,5.291718787848474,0.8917907074127003,0.9793733031020792,0.014077582410639139,1.4373407555962767,0.29772892303542503,False
C2D4,2,1,1111,on,1,0.08,6.2,0.25630558913722523,-0.4785136941013837,0.34216931100973724,21.00699930221039,6.862734610795358,0.8895245511356876,0.9638017578173089,0.019895112869487246,1.9469644776728001,0.35504817822902296,False
C2D4,2,1,1111,on,2,0.4,6.2,0.25514773120607603,-1.9529977040595599,0.1835976520417186,14.767231470710868,7.079147108114032,0.7671850682265869,0.9899266749171676,0.017149094875253606,1.3264091782646954,0.26052599853221503,False
C2D4,2,1,1111,on,3,0.8,6.2,0.19469264133938388,0.09296244789029705,7.652167970729133,7.860663359988848,15.231853543455331,0.7061629935966875,0.9856928971901386,4.772236741239421,37.313633904297504,-0.9957382650304338,False
C2D4,2,1,1111,on,4,0.24,4.8,0.2606718058310407,-0.8736763558684897,0.252612428659091,15.811908874100997,5.265542856289329,0.9180029621007119,0.9752930065252461,0.014505321214174834,1.7015616121013155,0.35340143848898603,False
C2D4,2,1,1111,on,5,0.24,5.6,0.2575426792526243,-0.8908863519719132,0.24612860586353066,15.848484119923228,5.277722823040322,0.9031844861977221,0.9777906377872709,0.014216533222498542,1.5329530926381223,0.31838877474602856,False
C2D4,2,1,1111,off,0,0.2,11.8,0.09747669682638696,0.12765976897240475,1.8212188327432375,1.2019743699242902,0.9867244103791138,0.9979566258133556,0.9502681023670055,0.010741711629779434,0.1139794333785601,-0.6603198191926806,False
C2D4,2,1,1111,off,1,0.08,11.8,0.09772286388466209,0.1305590081636313,1.7692087312200997,1.4924043594640264,1.111625873027958,0.9972955692979559,0.9650695530751474,0.011839254303026478,0.1371741035346516,-0.6449614045506975,False
C2D4,2,1,1111,off,2,0.4,11.8,0.09717985856368963,0.12378042105522637,1.889008444388611,0.8957534825685489,0.8509228302425423,0.9985614446330043,0.917818137198482,0.009557645635543404,0.08904381872479104,-0.6815615213577434,False
C2D4,2,1,1111,off,3,0.8,11.8,0.09681815401343336,0.11813775316205641,1.9827451035881616,0.6092097435579955,0.7480224041872028,0.9989714357949069,0.8359424360180553,0.008849107811355861,0.06589700863245147,-0.7146885517132796,False
C2D4,2,1,1111,off,4,0.2,8.0,0.09865430815613103,0.1279029198019238,1.7563125391256746,1.2578185415578875,1.0568556219652476,0.9980774433528122,0.9539488686532266,0.013887961845001665,0.20116191362205502,-0.7977845834536367,False
C2D4,2,1,1111,off,5,0.2,10.0,0.09787528135970308,0.12780208796093742,1.797418246945594,1.2076650119538328,1.0039003234857504,0.9980917846101632,0.951193060287839,0.011653711022095208,0.14055063213575122,-0.7214844292250626,False
C2D4,2,2,0000,on,0,0.24,6.2,-0.395212966557651,0.95377905852217,0.31789120123943354,4.103054554938055,1.0471407739119103,0.9964863732027157,0.783223639903765,0.003155350424696456,0.38292852415955037,-0.345817287768598,False
C2D4,2,2,0000,on,1,0.08,6.2,-0.39751895461265463,0.6154507324194194,0.4291316694079558,15.75140524268,4.0196526027941815,0.9693691385746536,0.9091034191047276,0.012644532929935181,1.5163914647875334,-0.4040361754398506,False
C2D4,2,2,0000,on,2,0.4,6.2,-0.39454049778837486,1.225279541513668,0.2807070983245315,1.0735991683364345,0.39762151879921576,0.9993909805917164,0.7718930825694861,0.0011737447896699642,0.10034795683403179,-0.3276732722713088,False
C2D4,2,2,0000,on,3,0.8,6.2,-0.39444553136205357,1.2240946048141754,0.2777251361701255,0.7701980501020126,1.1674215841785684,0.9945580968440916,0.8181363534287563,0.0036124641409655575,0.07523613240063823,-0.33893284446191346,False
C2D4,2,2,0000,on,4,0.24,4.8,-0.39547581583718455,0.9522843110301538,0.3185858608302845,4.655575350807094,1.188970741221461,0.9964144670219501,0.7834652408371501,0.003686502787298293,0.5207056305665001,-0.40332212632116443,False
C2D4,2,2,0000,on,5,0.24,5.6,-0.3953949058448184,0.9527444309292488,0.31837170647092194,4.300361028372571,1.097495369621927,0.9964867863234568,0.7823055560207561,0.003342580474224049,0.4303919168563533,-0.3674384596220258,False
C2D4,2,2,0000,off,0,0.2,11.8,-0.01630052957161693,-0.36600663581024573,4.30328398926266,1.350112814618429,0.40519694766455705,0.9997702190772206,0.9549457862584689,0.012921311749909745,0.3536594426824082,0.9250357377075739,False
C2D4,2,2,0000,off,1,0.08,11.8,-0.017079471041278143,-0.36669288872393213,4.264677965561788,1.5804226611436698,0.4569807539181222,0.9997042970545795,0.9664048412378397,0.01425290446206405,0.3991779625734112,0.9218400522275695,False
C2D4,2,2,0000,off,2,0.4,11.8,-0.015244388078958986,-0.3649839299033956,4.356745944705347,1.0697078286496848,0.34043620552122933,0.9998401763027046,0.9300180578777307,0.011247149651055909,0.2967734306860835,0.9297226947324737,False
C2D4,2,2,0000,off,3,0.8,11.8,-0.013707777192482212,-0.3632299000325472,4.437520111785329,0.7254644242406232,0.2580697926842026,0.9999101842997508,0.8553413750902248,0.009103969862380214,0.2242456227616909,0.9375484193508961,False
C2D4,2,2,0000,off,4,0.2,8.0,-0.023559276330930554,-0.36085304506019783,4.119057069403336,1.281534707186819,0.43060347581393993,0.999755448280506,0.9486607599105948,0.020618060095523732,0.7565109796922311,0.9654633550085999,False
C2D4,2,2,0000,off,5,0.2,10.0,-0.01878273323918254,-0.36440507804552486,4.234691513343506,1.3153544148348884,0.41349149824013154,0.9997702376161495,0.9512903871394375,0.015534185373734605,0.4845966568668973,0.9462923593749454,False
C2D4,2,2,1111,on,0,0.24,6.2,0.4073359547679204,-0.6043490125417471,0.7145285012357379,11.874996565008196,2.7798882216684633,0.9836769169535423,0.9927653134378027,0.016033399992776632,1.3596669979963643,0.5592938007429268,False
C2D4,2,2,1111,on,1,0.08,6.2,0.4089339995222289,-0.5564160292548411,0.7719220813697244,13.652061151297957,3.075295854350417,0.9845323042848397,0.9658525603886731,0.01674195172299441,1.5786265156214716,0.5773297006323524,False
C2D4,2,2,1111,on,2,0.4,6.2,0.40704553464917764,-0.6190434897775655,0.7018535874531613,11.97727864189653,3.4354041449669603,0.9751053915585252,0.9929352533707745,0.01983213371533424,1.3963447050504851,0.5625670861219821,False
C2D4,2,2,1111,on,3,0.8,6.2,0.4060503886124419,-0.748209454848224,0.6352597115533802,12.010295885695886,5.7746433326145805,0.9335801208506037,0.9934135931340127,0.030972956674206,1.4344334789363267,0.5527371403578013,False
C2D4,2,2,1111,on,4,0.24,4.8,0.42003687495336917,-0.5872206567864766,0.7947803515464682,3.0993723246931735,0.7255504094517445,0.9991057027888507,0.9111583653996063,0.005126729105718211,0.5106496216242462,0.7015798122925456,False
C2D4,2,2,1111,on,5,0.24,5.6,0.4136824492880874,-0.5954425846163187,0.753672359210544,7.191758313748206,1.6835612642100237,0.9945724361867205,0.9839034815199637,0.010496671669267744,0.942159433368635,0.6176822063809312,False
C2D4,2,2,1111,off,0,0.2,11.8,0.0869602289661977,0.2836994411116636,3.241826999346879,3.0098229632882676,1.1939100327245027,0.9980691604371181,0.468032897154627,0.023474708784928217,0.5149189530361323,-0.8645649779585821,False
C2D4,2,2,1111,off,1,0.08,11.8,0.0866686274422083,0.28289052090030326,3.262799514894445,3.0444047104005554,1.1631345906984822,0.9981547195133045,0.48504743975739906,0.022925576399951172,0.5154239747027192,-0.8635313415768524,False
C2D4,2,2,1111,off,2,0.4,11.8,0.08755143834355913,0.2856016758012789,3.197992851702114,2.910675599635178,1.218897398806328,0.9979783459245617,0.42764824838657867,0.023958181843882934,0.5049567285981909,-0.8655754941940644,False
C2D4,2,2,1111,off,3,0.8,11.8,0.08876818380940107,0.29072996350269315,3.102425634423136,2.6969794196272243,1.2669730805458925,0.997816921184556,0.32038120384547836,0.024671336833613684,0.4799408763544492,-0.8670045904640173,False
C2D4,2,2,1111,off,4,0.2,8.0,0.07792428597862107,0.2889792302040121,3.507391518165955,2.64932424643418,1.1182235025759988,0.9984676888125701,0.3031379506509894,0.03852217481101034,1.1741927372452439,-0.9508004427952482,False
C2D4,2,2,1111,off,5,0.2,10.0,0.08395336496398449,0.28514878318476555,3.3369011921160285,2.9063498056134094,1.170575718060291,0.9982232771089626,0.4594528082918699,0.028591314707911833,0.7233349598541633,-0.9098783375944484,False
C2D4,2,3,0000,on,0,0.24,6.2,-0.3930720080528652,0.9217240001638224,0.32127185085784,3.7924503682339528,0.9815721636095956,0.9968647498100646,0.8333403446461407,0.0030120975186178813,0.35445160253912233,-0.34786712067746717,False
C2D4,2,3,0000,on,1,0.08,6.2,-0.39528052019917487,0.6042020395887384,0.42961454568662005,14.997395929158374,3.8745267868952937,0.9711736230053081,0.9071701927630764,0.012269218522941763,1.444119335479418,-0.4043000696714682,False
C2D4,2,3,0000,on,2,0.4,6.2,-0.3924435568636795,1.172411409748992,0.28510069472064326,1.1485084451818186,0.43457617224662104,0.9992816399728405,0.7897712997552181,0.0012949152801147513,0.10755162935039257,-0.3304960432034249,False
C2D4,2,3,0000,on,3,0.8,6.2,-0.39222921801672134,1.4791732673149363,0.26325680302751014,0.6742954257143983,0.9870668273871581,0.9958814292981729,0.8352194816916697,0.002975926005330298,0.06542863429769487,-0.32903892091021847,False
C2D4,2,3,0000,on,4,0.24,4.8,-0.3933953964149923,0.9199227390809482,0.32215822662811866,4.288591457754781,1.111425728022525,0.9968223080924279,0.8336227135911403,0.003509755837107195,0.4807054021320224,-0.40593948200421404,False
C2D4,2,3,0000,on,5,0.24,5.6,-0.3931014008067911,0.9215603038062253,0.3213522076247536,3.9931001831615123,1.0348465975028125,0.9968320530214332,0.8347108763356211,0.0032037238669768912,0.4002241026541284,-0.3693827049925506,False
C2D4,2,3,0000,off,0,0.2,11.8,-0.020371560574063707,-0.36301781493695495,4.354237326286731,1.6282098361799244,0.4919521690866083,0.9996598930256839,0.9638020644015138,0.016043435569162417,0.4347656340863391,0.9269246247871593,False
C2D4,2,3,0000,off,1,0.08,11.8,-0.021336908928581515,-0.36381620515906754,4.306193071704952,1.906492724665287,0.5548627312590322,0.9995623268159888,0.9728918475043259,0.01763188951729162,0.48912547691432356,0.923459153778682,False
C2D4,2,3,0000,off,2,0.4,11.8,-0.01903542392830508,-0.3618173163660826,4.422124215530844,1.2725207459224535,0.40959993161992825,0.9997696947346552,0.944766068980096,0.013855816409381121,0.3618333366248747,0.9319656195347488,False
C2D4,2,3,0000,off,3,0.8,11.8,-0.01719916991373403,-0.359891802292151,4.518956644332783,0.8956260080528486,0.32322030617603326,0.9998607315989455,0.8939357307708833,0.011705741633570944,0.28547539370858743,0.9399873512861932,False
C2D4,2,3,0000,off,4,0.2,8.0,-0.03108690855809587,-0.3553626598783409,4.080173010906888,1.3902624885351262,0.4709753962217662,0.9997045397917271,0.951701538983237,0.02226993194800151,0.806685705537537,0.9647360185688727,False
C2D4,2,3,0000,off,5,0.2,10.0,-0.023638955451062076,-0.3608578656768081,4.263851712209436,1.588588390371556,0.4994781991068403,0.9996576649306254,0.9623142954082451,0.019196343694816213,0.5922321723280148,0.9470968617175172,False
C2D4,2,3,1111,on,0,0.24,6.2,0.4008628765031467,-0.687658675672708,0.5667950908196544,21.226427500044192,4.891154909897187,0.9453893006277164,0.9978617502660644,0.023212980751087832,2.2316011423356703,0.4844676336268853,False
C2D4,2,3,1111,on,1,0.08,6.2,0.40257894223859664,-0.5865942680841396,0.6431880518106939,23.5948611706568,5.308812862656191,0.9523551723168759,0.9834370316096995,0.02437524711151787,2.529347566255041,0.5152118729190407,False
C2D4,2,3,1111,on,2,0.4,6.2,0.4003300028584713,-0.7491963474065978,0.5373090744348684,21.22846549125063,6.139379381124435,0.9137494206324132,0.9984309302181552,0.02847509505156751,2.2453998791524588,0.47679124625261693,False
C2D4,2,3,1111,on,3,0.8,6.2,0.399318296988341,-1.256348830671597,0.434491227997944,21.162432806372557,10.975821770708182,0.7493000872380766,0.9980285129249199,0.04464035731273471,2.2370512833342056,0.43807148679391117,False
C2D4,2,3,1111,on,4,0.24,4.8,0.41903616026888013,-0.6579654942276146,0.6511534087041112,8.82756166252258,2.0341139161537,0.9926784275468141,0.9924147858455016,0.011489459834808372,1.2676945706849774,0.6236062644965777,False
C2D4,2,3,1111,on,5,0.24,5.6,0.40939100906494424,-0.6737495396697055,0.6041910028638486,14.7877297091684,3.4075011809255664,0.9761416559130028,0.9965512809804095,0.01724784575623361,1.741838634099234,0.5381890298641527,False
C2D4,2,3,1111,off,0,0.2,11.8,0.09735937958456582,0.23659569278789686,2.6506209609085167,0.5202847719717181,0.24069486946849827,0.9999111983096284,0.48697307163102627,0.003705306551963688,0.06918665508803254,-0.8028364831373336,False
C2D4,2,3,1111,off,1,0.08,11.8,0.09734255822117978,0.23651368148199678,2.652206274064231,0.5194144951673583,0.23000215436011925,0.9999188773233365,0.486985976278514,0.003509728686581242,0.06796745944936547,-0.7995030152414258,False
C2D4,2,3,1111,off,2,0.4,11.8,0.0973696517155277,0.23665195035988965,2.649617140221034,0.5231613092798142,0.261415542100069,0.9998961162173872,0.48975451689410726,0.004073400610995983,0.07155946982404687,-0.8086144121175981,False
C2D4,2,3,1111,off,3,0.8,11.8,0.09737112374994684,0.23666176190695828,2.6494631902273875,0.5280028196301023,0.3062487396518472,0.999858184148855,0.5050637547292394,0.0049291900530977735,0.07668052104628163,-0.8204124460380556,False
C2D4,2,3,1111,off,4,0.2,8.0,0.09814303541853192,0.2363134356778147,2.6248076648485896,0.49478001010201755,0.23835168278284644,0.9999225016996216,0.4169634185777719,0.005226986860857998,0.13574761760102974,-0.9075977809600606,False
C2D4,2,3,1111,off,5,0.2,10.0,0.09768004843645377,0.23652561514306655,2.6389518124842097,0.5025019150394366,0.23623162761738817,0.9999198658723553,0.521743215891995,0.0041474440690928375,0.08905635007503476,-0.8543378653375208,False
C2D4,2,4,0000,on,0,0.24,6.2,-0.39046272577101454,0.9313277095950225,0.33070696680972944,5.859431940177507,1.5378842401791846,0.9931777554666337,0.7574344615889637,0.004583794250405464,0.5498586827154088,-0.3535525618516198,False
C2D4,2,4,0000,on,1,0.08,6.2,-0.3928113864925733,0.5991193723498004,0.4476091917069718,17.01280916467664,4.457986988270233,0.9643393901824474,0.9238748976586949,0.014286256045024152,1.65173656956135,-0.4140810232175474,False
C2D4,2,4,0000,on,2,0.4,6.2,-0.3895714106848463,1.278981160863702,0.2821325008540146,1.7183741759579632,0.6101605012430658,0.9985960648143716,0.8494269986333657,0.001791916820924606,0.16071212243339603,-0.3285906487155354,False
C2D4,2,4,0000,on,3,0.8,6.2,-0.38935311408814177,1.429522688729399,0.26825511298218235,1.150479735894492,1.6252304029208005,0.988809639938297,0.9267153611627202,0.0050168896519510574,0.11189127212491824,-0.3324765745435477,False
C2D4,2,4,0000,on,4,0.24,4.8,-0.39144018377240647,0.9263977022267161,0.3333222704782917,6.51710838983099,1.710499991566929,0.9933332074393105,0.7479822943779981,0.005274276495304396,0.7355301855031434,-0.41407205046072354,False
C2D4,2,4,0000,on,5,0.24,5.6,-0.3907382477372129,0.9299390952221744,0.3314398182996108,6.140029248499904,1.611530658929573,0.9931818145759265,0.755763687671782,0.004859070293778645,0.6184757281380135,-0.37592451572977753,False
C2D4,2,4,0000,off,0,0.2,11.8,-0.027988722828233933,-0.34684721929018797,4.35258774583317,2.982328497953189,0.9325992262916382,0.9987512612724959,0.9876224900298056,0.030735384864858682,0.795850503535184,0.9268645157471876,False
C2D4,2,4,0000,off,1,0.08,11.8,-0.029012322213343412,-0.3476704057334332,4.299549353514481,3.143922642009852,0.9457464158787835,0.9986980956210639,0.9884323574962828,0.030342383553193006,0.8045859333581467,0.9232031829298822,False
C2D4,2,4,0000,off,2,0.4,11.8,-0.026516984150610462,-0.34556992914539303,4.430429046127242,2.7983019038427592,0.9295835563053151,0.9987801976534016,0.986260826911687,0.032008040211533716,0.7981578621596522,0.9322433234742489,False
C2D4,2,4,0000,off,3,0.8,11.8,-0.024136284887274803,-0.3432115261077467,4.561028108403191,2.6037383576997355,0.9696483744773196,0.9987078083884526,0.9843925719346363,0.036265622014141595,0.843079139383114,0.941194624075046,False
C2D4,2,4,0000,off,4,0.2,8.0,-0.050109171623507524,-0.33178239449083013,3.755637559717821,1.731357253214554,0.615845025090524,0.9994919594614124,0.9584597689149739,0.025089703756873905,0.8656257949026077,0.9576802430456944,False
C2D4,2,4,0000,off,5,0.2,10.0,-0.036086233695221105,-0.3416501407062418,4.116693749663231,2.617557131484264,0.8579856073219682,0.9989728129298032,0.9829104814160128,0.03124791414020859,0.9187071972475215,0.9428514419287838,False
C2D4,2,4,1111,on,0,0.24,6.2,0.34533377911872487,-0.7468454645600722,0.39123365036486163,29.445614812893183,7.467982771029618,0.842964807134788,0.9974943019560732,0.02832478060724394,2.8382549302504696,0.3889430169570958,False
C2D4,2,4,1111,on,1,0.08,6.2,0.3464785664169742,-0.5622342774952596,0.47215344537778103,31.707607174400493,7.795349615265215,0.8795099381831414,0.9864393303162391,0.02906017350943491,3.113893965560182,0.4272658350711779,False
C2D4,2,4,1111,on,2,0.4,6.2,0.34489314236256774,-0.9451133623936009,0.34888616763158325,29.376334493971385,9.871715435075009,0.7339359096984378,0.997629736153179,0.035669297859649556,2.8294142957398716,0.37003796227591157,False
C2D4,2,4,1111,on,3,0.8,6.2,0.3444307311945409,-4.7397147187295605,0.22371591827507195,29.596048520632632,20.49326305967444,0.2751347612212758,0.9978588424142613,0.06381124763069697,2.8210094911240473,0.30100783918148366,False
C2D4,2,4,1111,on,4,0.24,4.8,0.36422000525340104,-0.702699709542625,0.4513520499522069,18.503372798352693,4.692816575306509,0.9517752175450162,0.9956757393603645,0.019923773946009433,2.2594710223347443,0.496578296634199,False
C2D4,2,4,1111,on,5,0.24,5.6,0.3530557505844737,-0.7289544122769613,0.41407215616387477,25.071312644665735,6.358574343486911,0.8963397585188282,0.9969065371150355,0.02506676019302506,2.635568358581147,0.4276480361485185,False
C2D4,2,4,1111,off,0,0.2,11.8,0.10131872971174416,0.17715600105684848,2.5437303396214057,0.8707778191603929,0.5278456583384987,0.9995481144430703,0.6462548858976529,0.007877530922949608,0.11064384113320767,-0.7884856794154386,False
C2D4,2,4,1111,off,1,0.08,11.8,0.10142401541468982,0.177715227757254,2.5303310884644765,0.9083222565713358,0.5233748291669095,0.9995529853046218,0.6709686281284126,0.0077018919205960774,0.11291811732169539,-0.7829273145696558,False
C2D4,2,4,1111,off,2,0.4,11.8,0.1011585900351438,0.1762019872031944,2.565014567605391,0.8207264973354783,0.5440495025813167,0.9995300844675221,0.6144444664897303,0.008264845635057161,0.1082126580506037,-0.7975146318910891,False
C2D4,2,4,1111,off,3,0.8,11.8,0.10096466538344247,0.1748229843632943,2.592678523794064,0.7877366302432166,0.6165958015831656,0.9994109609106803,0.5889534969476166,0.00973047172336307,0.11150811484593105,-0.8132964192564038,False
C2D4,2,4,1111,off,4,0.2,8.0,0.10315360499462622,0.1766548311392109,2.4625945357738477,0.7431120503886841,0.4722730652873585,0.9996852519914526,0.4869207223295733,0.00947632498076618,0.18504931961886859,-0.8943292542315511,False
C2D4,2,4,1111,off,5,0.2,10.0,0.10185500718398141,0.17706809359684875,2.5180408766985143,0.8736388937208811,0.5356758092524683,0.9995616103435694,0.6247974490795702,0.009025529947755637,0.14568001387556717,-0.8406455631886974,False
C2D4,2,5,0000,on,0,0.24,6.2,-0.3886337062707103,0.9077529841297757,0.3031988005822046,3.4150550062415337,0.929738851736545,0.9969830557430651,0.8733752787928737,0.002786717596257307,0.31674215636531433,-0.336826253499298,False
C2D4,2,5,0000,on,1,0.08,6.2,-0.3906025681078002,0.5979274022381039,0.40282780285545033,13.514888042358752,3.539221021893675,0.9740499171562172,0.8925608127992043,0.010880627830300055,1.2858210570793391,-0.3895397509533618,False
C2D4,2,5,0000,on,2,0.4,6.2,-0.38807788653241015,1.1717295894248283,0.26833704719763257,1.3781887510267843,0.5704891335548382,0.9986974215758964,0.8547613085605965,0.0016411088432939096,0.12814244818650306,-0.319644892641258,False
C2D4,2,5,0000,on,3,0.8,6.2,-0.38794846287862134,1.242804497709309,0.26017915481002146,1.0740023478916034,1.8850883640375615,0.9841163546843009,0.9120498541702013,0.005809934302291078,0.10406620164851979,-0.3269114659127551,False
C2D4,2,5,0000,on,4,0.24,4.8,-0.38891367818981704,0.9059980654268978,0.3039731857724137,3.86762846034411,1.0529506661215962,0.9969398472357768,0.8749142633846669,0.0032449694434734376,0.42878416009291603,-0.39253493094766545,False
C2D4,2,5,0000,on,5,0.24,5.6,-0.3887285530177334,0.9071584889875763,0.3034606826578553,3.590852266349324,0.9775991475304127,0.9969641911184273,0.8744517572323891,0.0029589151838942686,0.35679058753917275,-0.35762890279979576,False
C2D4,2,5,0000,off,0,0.2,11.8,-0.022552940652556346,-0.35370884823105514,4.315607984592337,1.5358705605956608,0.47495209536541194,0.9996815383698564,0.955735528714502,0.015287513532172406,0.404193623259399,0.9254987641912614,False
C2D4,2,5,0000,off,1,0.08,11.8,-0.023497255840681797,-0.35452705535708334,4.267273549364221,1.8264970657240256,0.5425673772454912,0.9995774928588821,0.9675069240277523,0.01705583097214323,0.46178301044727177,0.9219426611272221,False
C2D4,2,5,0000,off,2,0.4,11.8,-0.021290223848630534,-0.35252003401442455,4.381614592433076,1.185273241316743,0.3903174414044037,0.999789614496013,0.9311146171583204,0.013032637898177832,0.3319350899809546,0.9305878925580245,False
C2D4,2,5,0000,off,3,0.8,11.8,-0.01955610275501599,-0.3506160824508657,4.475733614968332,0.8029444425754079,0.29657806439874357,0.9998819928351549,0.8600608066237189,0.01059412961786387,0.2518078638782231,0.9387100361996065,False
C2D4,2,5,0000,off,4,0.2,8.0,-0.031194655633722358,-0.34771605404131284,4.084397879005331,1.3206255400566536,0.45757666051269613,0.9997214062602268,0.941126874008242,0.021666092563349337,0.7677191898920711,0.9648161339691984,False
C2D4,2,5,0000,off,5,0.2,10.0,-0.026442049120165564,-0.3511762972007948,4.205225612698515,1.3874892176918316,0.44788315224274955,0.9997252269128633,0.9431170039508029,0.016778036027829523,0.5050635586203365,0.9454614804854619,False
C2D4,2,5,1111,on,0,0.24,6.2,0.323092811597608,-0.7750146638700264,0.36909697093511057,31.505561151648077,8.09152620682869,0.8169365815383365,0.997127109491416,0.02927141293393211,3.006696877538118,0.37619748684230453,False
C2D4,2,5,1111,on,1,0.08,6.2,0.3241992537829288,-0.5493612603507121,0.4591364898156135,34.21035128822228,8.724334132464598,0.852822432660241,0.987480863784291,0.03168458376113207,3.3392205220647924,0.42029476160047763,False
C2D4,2,5,1111,on,2,0.4,6.2,0.3226381593281899,-1.02827750930284,0.32311939088053815,31.379201565432364,10.539122935803658,0.6903043484965543,0.9981601609548965,0.03670760371035963,2.987598532059492,0.35436101453769786,False
C2D4,2,5,1111,on,3,0.8,6.2,-1.8385643777606295,2.1943177803367235,199.99999999999997,31.296505516456513,22.522147142783172,0.22382564395445326,0.9977236543861423,9301.024685456434,100279.17347957502,-0.9999939259719123,True
C2D4,2,5,1111,on,4,0.24,4.8,0.34254303440826744,-0.7272311622514951,0.42598233541674174,20.431370181863045,5.247358282946026,0.9396452799335983,0.9946931668771853,0.02108662027290432,2.450535338648862,0.47930732110950425,False
C2D4,2,5,1111,on,5,0.24,5.6,0.330976940860004,-0.7557544470685125,0.39052281874360106,27.187692425334546,6.982574431983558,0.875338950703931,0.9964455659622508,0.02618179349518429,2.822422544810643,0.41320306564799086,False
C2D4,2,5,1111,off,0,0.2,11.8,0.10228513455995938,0.15062360997334753,2.362186183282819,1.2079151269992399,0.8361137762201544,0.998751716757846,0.939074676025889,0.011800565690218857,0.142172641072833,-0.7615016397358889,False
C2D4,2,5,1111,off,1,0.08,11.8,0.10254000981498763,0.1522371331303173,2.322926506968112,1.3828556655181474,0.8946547905567773,0.9985365504031131,0.9521643874973729,0.012373822155319113,0.15772266247830385,-0.7513285312403536,False
C2D4,2,5,1111,off,2,0.4,11.8,0.10194342490671038,0.14825882415818695,2.4174786774146106,1.0066446954333987,0.772937321069681,0.9989633310945932,0.9139460995870304,0.011282389450155805,0.12453725196685003,-0.7764433402712717,False
C2D4,2,5,1111,off,3,0.8,11.8,0.10140378319308303,0.14392553200758965,2.512618768710154,0.7331894234372001,0.6855384512018404,0.999225765852466,0.8398315816919034,0.010655297352115557,0.10011043215733222,-0.8027148718440603,False
C2D4,2,5,1111,off,4,0.2,8.0,0.1048989109818226,0.15027395757354006,2.2274773142619217,0.9916243527767087,0.7218502422574734,0.9992103930078707,0.9090640943602666,0.01276428528161028,0.21369206869617147,-0.8702762093662445,False
C2D4,2,5,1111,off,5,0.2,10.0,0.10340305302874765,0.15058397760675749,2.3002508765417127,1.0694657893018793,0.7553674305914749,0.9990598787742707,0.9257621018560537,0.011542038918294324,0.15972223653666126,-0.8119144153038543,False
C4D1,3,1,0000,on,0,0.24,6.2,-0.4268278104319674,0.8568636668743437,0.6999110762433274,17.123462742776333,3.2823968852358587,0.9826493717618061,0.9849443878690513,0.016159329707124293,1.9430867255385884,-0.5521108217432715,False
C4D1,3,1,0000,on,1,0.08,6.2,-0.43048542616394225,0.7304405932060886,0.8056883777933188,24.186220995074407,4.632945627470832,0.97316060840761,0.9788375339894805,0.02330361714312785,2.8568837412140393,-0.5929585912595926,False
C4D1,3,1,0000,on,2,0.4,6.2,-0.42471759098920775,0.9935257949587467,0.630747299316474,13.919349222178187,3.0547207701175454,0.9838539387059719,0.9831247063140072,0.014117426257417812,1.5529602755066427,-0.5262737205169373,False
C4D1,3,1,0000,on,3,0.8,6.2,-0.4209201192628452,1.8839984215987626,0.4654872395445573,6.756931102654111,2.2973868035963254,0.9888940587359233,0.9643827357369545,0.00879046292305599,0.726643274392634,-0.4564851667143848,False
C4D1,3,1,0000,on,4,0.24,4.8,-0.43224485846579036,0.850721570226434,0.7210342057010757,18.775518253216553,3.6008082598201225,0.982786195492574,0.9850778556050062,0.020044677658596265,2.8773528469512555,-0.6632102594517362,False
C4D1,3,1,0000,on,5,0.24,5.6,-0.428618231176869,0.8547268141145283,0.7069092565937833,17.795977502094562,3.411311251706071,0.9826926046378697,0.9849778890784963,0.017491514684933967,2.2515141360261985,-0.5936492237890773,False
C4D1,3,1,0000,off,0,0.2,11.8,0.07735337713944504,-0.488531055951239,4.845271835584521,0.8303842129855356,0.19331465038799397,0.999950217491188,0.8666676780875426,0.007398644418092461,0.2650459654359691,0.9421345239812824,False
C4D1,3,1,0000,off,1,0.08,11.8,0.0767135758433266,-0.48880530383967613,4.821958209053688,0.9972346302235333,0.22484201440605325,0.9999320585980628,0.9056933662822976,0.008458446530601552,0.30862064025347513,0.940183642530457,False
C4D1,3,1,0000,off,2,0.4,11.8,0.07812219744263953,-0.4881458264927197,4.873779968450147,0.6655645219871531,0.16302560480524564,0.9999649756501664,0.7976077250287207,0.006411969841397422,0.2230134624316386,0.9450164175109647,False
C4D1,3,1,0000,off,3,0.8,11.8,0.07907183025999785,-0.4875325630108792,4.910121050058361,0.5278311728341586,0.1425913331994743,0.9999736262411514,0.6844393423833569,0.005904926653889331,0.1940390595729187,0.9499955061591786,False
C4D1,3,1,0000,off,4,0.2,8.0,0.07053093466592861,-0.4832385244204712,4.709800992962478,0.6974266483736953,0.18465918927914038,0.9999565728942692,0.7733671421099189,0.011153523781893266,0.5268582978574055,0.974243733653412,False
C4D1,3,1,0000,off,5,0.2,10.0,0.07523166287488779,-0.4869946908492875,4.799793323237554,0.8001056278102423,0.19533355067642866,0.999950370190812,0.843551476991788,0.009050759700727478,0.36730434766348097,0.9592387989696112,False
C4D1,3,1,1111,on,0,0.24,6.2,0.42155968519109266,-0.8836000160917638,0.7271723982959617,18.411709026071083,3.366357468405269,0.9821017157259799,0.9867428822197545,0.017138950060937106,2.12474292067917,0.5654638971704035,False
C4D1,3,1,1111,on,1,0.08,6.2,0.4255481996543886,-0.7575898223080707,0.835025853752931,25.69819084059772,4.69341891978661,0.9726736792982549,0.9790336879443935,0.024522603642103565,3.0935696356865385,0.6062809743153932,False
C4D1,3,1,1111,on,2,0.4,6.2,0.41925341625805684,-1.0185644970932093,0.6566294439617515,15.132566963071342,3.158525367141131,0.9832301770201312,0.9841566972125285,0.0150453074541109,1.7149674475905876,0.5396285951641487,False
C4D1,3,1,1111,on,3,0.8,6.2,0.4150334330513147,-1.8820863287610257,0.4868240961551502,7.667633367322165,2.4237570634404624,0.9881110364309734,0.9656309950730906,0.009539268510811041,0.8346710203696918,0.46899919493214903,False
C4D1,3,1,1111,on,4,0.24,4.8,0.4276762335961327,-0.8772349085919982,0.7507910294019391,20.164478690393363,3.6868844115420374,0.9822160697208127,0.9869560061245036,0.02143873455376406,3.1804643886784287,0.6791337355034842,False
C4D1,3,1,1111,on,5,0.24,5.6,0.423503116335781,-0.8814495484512684,0.7347043451601732,19.146069687733497,3.500626399898253,0.982097321756625,0.9868023624645228,0.018615287074158784,2.472614411329576,0.6080354764458585,False
C4D1,3,1,1111,off,0,0.2,11.8,0.055355455106151974,0.348856819266329,4.456585399206642,1.6013649148985503,0.5053194608676675,0.9996427174299705,0.9712131967345219,0.017118942818253793,0.4442246850690409,-0.9305233354064594,False
C4D1,3,1,1111,off,1,0.08,11.8,0.05629543776755271,0.34954211376260774,4.4081477753398275,1.84886984284444,0.5616247161937531,0.9995524256539847,0.9773054510611557,0.018563823962257725,0.4927447546507417,-0.9272431787437821,False
C4D1,3,1,1111,off,2,0.4,11.8,0.05398158758876159,0.3477630217412886,4.528845811951011,1.2562987534875385,0.4205465007593259,0.9997565915537784,0.9541846126576983,0.014850299536074347,0.37168757978306016,-0.9354163021504872,False
C4D1,3,1,1111,off,3,0.8,11.8,0.05200890778733417,0.34594022264164775,4.6363341061724395,0.8382669400876419,0.31401506541488156,0.999868076391011,0.9046978101580965,0.011921684148398438,0.2791104990301206,-0.9432708008645072,False
C4D1,3,1,1111,off,4,0.2,8.0,0.06604550512372992,0.3411635026197441,4.167214801621697,1.3524759633962793,0.4817800050753618,0.9996936165990364,0.9655683270331016,0.023579888593844186,0.8154511165496346,-0.9663338740852495,False
C4D1,3,1,1111,off,5,0.2,10.0,0.059235399203833354,0.3462525656595218,4.343644985290648,1.4946770679444843,0.4922300681714835,0.9996691276748452,0.9690351371085718,0.019508740202109246,0.5754128714599579,-0.9492117264360168,False
C4D1,3,2,0000,on,0,0.24,6.2,-0.42455323759532443,0.8578016165325119,0.6592610898335676,16.24537968242764,3.1434415409927596,0.9830354033844728,0.985415815896113,0.01494759991331372,1.7991105597333612,-0.5318678849283137,False
C4D1,3,2,0000,on,1,0.08,6.2,-0.42784445312165165,0.7285699982913018,0.7587936241157798,22.940347458941655,4.39868512004122,0.9744058318733368,0.9764233369118626,0.021227922634851428,2.6312104014820408,-0.5711723527439626,False
C4D1,3,2,0000,on,2,0.4,6.2,-0.4226352759109082,1.0030586954469076,0.5926467221887566,13.18774622647766,2.978449161270782,0.983850207660422,0.9815388991675044,0.01319155684502001,1.4388169332436043,-0.5063323990203268,False
C4D1,3,2,0000,on,3,0.8,6.2,-0.4191899577363265,2.0401622596400446,0.4299844427188012,6.365566573705061,2.3117233272202893,0.988110081566338,0.9578022479631076,0.008374287203234985,0.6712478314152815,-0.43536943312668336,False
C4D1,3,2,0000,on,4,0.24,4.8,-0.4293246356832048,0.8516079846397637,0.6772961054217539,17.844155963486543,3.4528008711456053,0.9832077083685332,0.9856037368518016,0.01833108417219524,2.6244180182185692,-0.6387706850633651,False
C4D1,3,2,0000,on,5,0.24,5.6,-0.4261182777587376,0.8556995591663576,0.6651684977288738,16.900334147416626,3.270173640392816,0.9830759336166532,0.9854751376550793,0.016125156048218143,2.0751994928882005,-0.5715232291389967,False
C4D1,3,2,0000,off,0,0.2,11.8,0.0788157604495932,-0.48995976030061056,4.809129709310972,0.7861835585231515,0.1824206714064844,0.9999557128379055,0.8821572103993608,0.006886488493768806,0.2477606410822077,0.9411759998906276,False
C4D1,3,2,0000,off,1,0.08,11.8,0.07821767896672226,-0.49023173113785434,4.7873713006458525,0.9435892967798999,0.21231198073120555,0.9999396402749068,0.9179583696229763,0.007871936643004196,0.2884819951689653,0.9392323636247585,False
C4D1,3,2,0000,off,2,0.4,11.8,0.07960161999139147,-0.48954304409028976,4.838233872242686,0.5962278449459502,0.1456813841842736,0.9999720887868221,0.801994279980754,0.005649902334102272,0.19728735092483204,0.9441248398237321,False
C4D1,3,2,0000,off,3,0.8,11.8,0.08043555829737416,-0.4889791214850704,4.870095947989926,0.47214890529838677,0.12729781031903742,0.9999790316514491,0.6929611850254259,0.005188397015117775,0.17111601512040828,0.9490864000307282,False
C4D1,3,2,0000,off,4,0.2,8.0,0.07241865277563074,-0.48500418846952764,4.683178985328927,0.6564657122636091,0.17325527505098898,0.999961935281895,0.8424882950414252,0.010331531764741922,0.49071228703226105,0.9739235128646172,False
C4D1,3,2,0000,off,5,0.2,10.0,0.07686267276573332,-0.48854988441590297,4.767581607266666,0.7589745095264556,0.1846447168421791,0.9999557443899888,0.8756483681587555,0.008442305990711068,0.34426004385295156,0.9586298473210729,False
C4D1,3,2,1111,on,0,0.24,6.2,0.4332750090953879,-0.9276536319267865,0.7534527284243928,20.022960601612837,3.444195642050359,0.9816825081136263,0.9882642217797611,0.01805766846961345,2.349395839639611,0.5781552676871154,False
C4D1,3,2,1111,on,1,0.08,6.2,0.4373190431019872,-0.8088530756663198,0.853952810876599,26.673632229602344,4.511329102720975,0.9745901072737925,0.9806739141080073,0.024256470547953556,3.2512332659205367,0.6147419531149824,False
C4D1,3,2,1111,on,2,0.4,6.2,0.43074859916852476,-1.0632535812726833,0.6820022014364738,16.60071263337039,3.2637161749320414,0.9827729897093642,0.984768865185225,0.015911100282748693,1.9111833047948843,0.5525624761993234,False
C4D1,3,2,1111,on,3,0.8,6.2,0.4260524562865048,-1.9006456608659776,0.5097333472574241,8.512638653758161,2.4754471661244395,0.9880396033138438,0.9699179734005294,0.010047385411001867,0.9391316875333534,0.4822985893354898,False
C4D1,3,2,1111,on,4,0.24,4.8,0.4405865507097758,-0.9207706879106432,0.7807767050336221,21.808967065504287,3.755432273619212,0.9819483155838922,0.9885109430481283,0.02270732564494461,3.5432094533863716,0.694578290989576,False
C4D1,3,2,1111,on,5,0.24,5.6,0.4355478514739888,-0.9253421061512184,0.7619947138995338,20.795744915036675,3.5786807573080623,0.9817037790267762,0.9883526046158336,0.019653066205251504,2.7417024736617313,0.6218692773915399,False
C4D1,3,2,1111,off,0,0.2,11.8,0.033904118059458005,0.3765058200287736,4.490847226669092,1.281693584895039,0.3777910974346634,0.9998032556692191,0.9438170831830411,0.012872724499810523,0.36007567194410467,-0.9316726809878194,False
C4D1,3,2,1111,off,1,0.08,11.8,0.034695833399308935,0.3770624394898959,4.453027373272092,1.4969795773062458,0.42565622275861525,0.9997473495925292,0.9580489649257126,0.014192668514665973,0.40564000099346487,-0.9288266345155428,False
C4D1,3,2,1111,off,2,0.4,11.8,0.03281001402677007,0.3756524654408728,4.544162851998409,1.008444093370532,0.31429125568169103,0.9998655289668696,0.9091410286128742,0.011102654191247181,0.30004840240192,-0.9358912147570224,False
C4D1,3,2,1111,off,3,0.8,11.8,0.03124382805340285,0.37419388605191123,4.6232335528893,0.6802202887459997,0.23602454720800226,0.99992574705274,0.8067426502744992,0.00889899313300879,0.22539471792808682,-0.9429172099130912,False
C4D1,3,2,1111,off,4,0.2,8.0,0.042069828981041155,0.370542691881999,4.285584045217521,1.13829377567864,0.378381612452956,0.9998134327125646,0.9351893459382369,0.019380043888114633,0.7223372579231447,-0.9683405783656535,False
C4D1,3,2,1111,off,5,0.2,10.0,0.036838631769940636,0.37451345914490863,4.411498879202527,1.2108000312720122,0.37299080716154376,0.9998135195483384,0.9397923574513858,0.015058121159615523,0.47888352815056856,-0.9509156459524735,False
C4D1,3,3,0000,on,0,0.24,6.2,-0.42342031301145305,0.8707570706914478,0.6856357330999874,17.478586310275603,3.345517530605522,0.9819969541345366,0.9815005041611646,0.01609107520126737,1.9662963239887072,-0.5450459205009964,False
C4D1,3,3,0000,on,1,0.08,6.2,-0.42717786490567305,0.7346030129226836,0.7952478556869024,25.071771268410814,4.797187954533831,0.9712247791880034,0.9785386204363743,0.023791464195301353,2.9418783565344855,-0.5881589581462808,False
C4D1,3,3,0000,on,2,0.4,6.2,-0.4212625640214877,1.0187783866237379,0.6147254361210591,13.999314723040916,3.0340622378768987,0.9836451635112747,0.9823214367528879,0.013815138509133332,1.547113637205571,-0.5179282199490742,False
C4D1,3,3,0000,on,3,0.8,6.2,-0.41752743409666265,1.98434948722903,0.4505705772900871,6.833877811469241,2.3138109607210122,0.988231042808575,0.9653561762319717,0.008747935664570222,0.7288151118772492,-0.4476597611431894,False
C4D1,3,3,0000,on,4,0.24,4.8,-0.428460690692499,0.8648630553176,0.7046610468997839,19.260439287376226,3.703061668176045,0.9819849144137336,0.9815996095345014,0.019939907670269586,2.9060683278106083,-0.6542023515852089,False
C4D1,3,3,0000,on,5,0.24,5.6,-0.42464670205244476,0.8692475523995385,0.6902738196308801,18.30665907296031,3.519685427417965,0.9817359831945094,0.9816629424759882,0.01748900687578637,2.28836548669632,-0.5849034685852762,False
C4D1,3,3,0000,off,0,0.2,11.8,0.07989672643811206,-0.49070925246424446,4.759078581704574,0.7609470054496507,0.17601598654600967,0.9999587328356586,0.8580177877537379,0.006525842519312057,0.23558904246144535,0.939810879177226,False
C4D1,3,3,0000,off,1,0.08,11.8,0.07932146699242236,-0.49099220787633735,4.738143934311997,0.9177007800492998,0.2056677744082924,0.9999432339383741,0.9015631802597969,0.007496357721073948,0.2757167174286336,0.9378410006004897,False
C4D1,3,3,0000,off,2,0.4,11.8,0.0805765101206855,-0.49032113584346815,4.784264821358302,0.6110366530617592,0.14898253943277787,0.9999708316451905,0.7930423594502717,0.005661891576681321,0.19834571909753218,0.9427311855233549,False
C4D1,3,3,0000,off,3,0.8,11.8,0.08151503686074299,-0.4896282407593064,4.820258724386664,0.456657708563035,0.1224643652065321,0.9999804459813466,0.6266929746747357,0.004918927117855353,0.16257551008776563,0.9479207923068107,False
C4D1,3,3,0000,off,4,0.2,8.0,0.07587926422119921,-0.4875983895242299,4.680662147633316,0.7784783847155825,0.20413797087662158,0.9999470568017254,0.8540618570341777,0.012172312088811447,0.5813360760761266,0.9738929321581655,False
C4D1,3,3,0000,off,5,0.2,10.0,0.07891353135279247,-0.49000991983561,4.738117608823075,0.7761514791444616,0.18808432902916133,0.9999541056202257,0.8677178583361901,0.008500612749644665,0.34818384004518804,0.9580611289552753,False
C4D1,3,3,1111,on,0,0.24,6.2,0.43268433398699363,-0.9495658382420722,0.7389628256764906,20.09102717561384,3.397009281134502,0.9819400331768817,0.9875686943884386,0.017534903250431916,2.335777486831704,0.5711804186840259,False
C4D1,3,3,1111,on,1,0.08,6.2,0.4369562068218655,-0.8189932979556221,0.8448507870022117,27.611278326317386,4.650309392430445,0.9732477537079993,0.9796677197325085,0.02459272556876215,3.345353865858197,0.6106864935425074,False
C4D1,3,3,1111,on,2,0.4,6.2,0.43015196647714465,-1.0921103725672017,0.667853865930113,16.553954280664072,3.195915940802999,0.9831032587482126,0.984517465597501,0.015390413646383303,1.889067373503319,0.545370090648353,False
C4D1,3,3,1111,on,3,0.8,6.2,0.42547454188072575,-1.9938008233543445,0.496287391113026,8.294559157566379,2.398386873341991,0.9885245977541905,0.9667039631835604,0.009563159688638866,0.9078815846964734,0.47450969290558376,False
C4D1,3,3,1111,on,4,0.24,4.8,0.4397694247600542,-0.9425006792199407,0.7646298628671006,21.914200143281413,3.7066913780508512,0.9821844446118191,0.9877729594324349,0.0219609029275943,3.50374452878737,0.6863376867012717,False
C4D1,3,3,1111,on,5,0.24,5.6,0.43491449558773315,-0.9471862953704064,0.7470754341014939,20.87056956271367,3.5288150221187213,0.9819668197302408,0.9876553244956351,0.019055939096088645,2.720519411272734,0.6143433290172248,False
C4D1,3,3,1111,off,0,0.2,11.8,0.03142224507530913,0.3803659932322079,4.468465862723337,1.2670853370737813,0.37006783063875687,0.9998117341269922,0.9569636462562674,0.012483296065405719,0.353042673473186,-0.930924923483041,False
C4D1,3,3,1111,off,1,0.08,11.8,0.032247459258389136,0.3809634482312466,4.429405023310252,1.5072034588663925,0.42454422523447916,0.999749344118604,0.9688572849471233,0.014006945568048799,0.40486230798817785,-0.9279992395864793,False
C4D1,3,3,1111,off,2,0.4,11.8,0.03028602378238883,0.3794557772271806,4.5233396705438675,0.955530369576217,0.29558998994614144,0.9998817255508806,0.9256117546665941,0.010329056668796611,0.282127934306237,-0.9352443694346964,False
C4D1,3,3,1111,off,3,0.8,11.8,0.028748025506457865,0.3779895646784156,4.600291100353213,0.599357330359694,0.206758383483237,0.9999434959292469,0.8151505805969592,0.007694686481579563,0.19692167082777295,-0.9422903655268876,False
C4D1,3,3,1111,off,4,0.2,8.0,0.039268256750928036,0.37465057083963493,4.273645565462447,1.1527413250094516,0.37832264333549553,0.999813105022119,0.9498438340865432,0.0192968141191605,0.7277786093337796,-0.9681463276665835,False
C4D1,3,3,1111,off,5,0.2,10.0,0.03427798488256994,0.3784293542599092,4.392338298931915,1.2049553930510761,0.36678337410604916,0.9998193566492724,0.9570718216496076,0.014705037467975851,0.47296640412886576,-0.9504429534692009,False
C4D1,3,4,0000,on,0,0.24,6.2,-0.43138904695814123,0.8630001066407456,0.6631955000524924,16.20627451997532,3.1037490997942476,0.9834552811245726,0.9851532706390009,0.014855554279459308,1.7989420954786668,-0.5338437678524601,False
C4D1,3,4,0000,on,1,0.08,6.2,-0.4346400622324487,0.7379671782559768,0.7595002409258212,22.60215842698609,4.248575143062352,0.9757696590957885,0.9762774913303781,0.020662039524483953,2.5935479256915905,-0.5715048743896151,False
C4D1,3,4,0000,on,2,0.4,6.2,-0.4294267686082382,1.0081666829063085,0.5962398453240251,13.09071126356357,2.9250161151896825,0.9844363038620175,0.9807385183977543,0.01303121584759665,1.4311926880272856,-0.5082269697879266,False
C4D1,3,4,0000,on,3,0.8,6.2,-0.42595237804286523,1.9936551493699366,0.4364320491650305,6.395026394888079,2.296096948403268,0.9882467871584693,0.9596585193698258,0.008455557955786832,0.6767257279069134,-0.4392331085824065,False
C4D1,3,4,0000,on,4,0.24,4.8,-0.435348751495226,0.8578928053087871,0.6780934945018428,18.031556614365858,3.4590591944131703,0.9831305060329956,0.9855746274938911,0.01840011011880855,2.6539339995195887,-0.6392268510130038,False
C4D1,3,4,0000,on,5,0.24,5.6,-0.4325723272415403,0.8614111595259073,0.6676585341298545,16.958863342826444,3.2523961716686904,0.9832677554162619,0.9853085151560577,0.01610031368914696,2.0860367841537006,-0.5728597704466893,False
C4D1,3,4,0000,off,0,0.2,11.8,0.08036076914932115,-0.4997839787214796,4.941372777983533,0.8290921334995548,0.1892728547490748,0.9999523507275635,0.8972478753688607,0.007495109830279508,0.27367128814439456,0.9445773518023275,False
C4D1,3,4,0000,off,1,0.08,11.8,0.07967465567954572,-0.500035211012619,4.916987536226728,1.0067344899920079,0.22270822520312974,0.9999334700546002,0.929027365276331,0.008664104011447975,0.32207595556148894,0.9426908057653627,False
C4D1,3,4,0000,off,2,0.4,11.8,0.08121644858587146,-0.49941177667264347,4.972316983097703,0.637504344448538,0.15295914831941393,0.9999691819604272,0.8273944219866811,0.006233189416274081,0.22110822328979063,0.9473839427228283,False
C4D1,3,4,0000,off,3,0.8,11.8,0.08230363161216311,-0.49879187141304887,5.012871941426697,0.45400727476986985,0.11987982367249846,0.9999813286222835,0.6625298366253741,0.005156961833745032,0.1730487371214353,0.9522247194146196,False
C4D1,3,4,0000,off,4,0.2,8.0,0.07533967296575525,-0.4959208901941394,4.840739625823364,0.777121593922261,0.2031245492124092,0.9999479166140771,0.8998040488195643,0.012862038525530924,0.6178715215316267,0.9757364151990001,False
C4D1,3,4,0000,off,5,0.2,10.0,0.07808498352573981,-0.49811371603835247,4.893316952258522,0.787676494139596,0.18919272547542934,0.9999536549874355,0.8857249645470365,0.009060217960842972,0.37431040340709965,0.9609343237392508,False
C4D1,3,4,1111,on,0,0.24,6.2,0.43258108337652557,-0.9295897575912775,0.7271598829513459,19.82450581408038,3.4378625096939133,0.9812674184330262,0.9876535771209674,0.017540962066965,2.2877642072017004,0.5654578108886432,False
C4D1,3,4,1111,on,1,0.08,6.2,0.43640164716074775,-0.8078073441504071,0.8249153917798141,26.30596535041353,4.463109289458133,0.9745126398138272,0.9798954481448864,0.023325341225838195,3.1459619437561,0.6017176832911111,False
C4D1,3,4,1111,on,2,0.4,6.2,0.4301520898292592,-1.0733784460891085,0.6560634710696049,16.38082515607466,3.2566007987048233,0.9822926305847269,0.9841899941540811,0.015452744184309444,1.8557886027884223,0.5393382745855827,False
C4D1,3,4,1111,on,3,0.8,6.2,0.4257115448185945,-2.0000241311602807,0.48500482128359657,8.551338626175182,2.564378108135428,0.9867225512250996,0.9678900983973786,0.010048120439111968,0.9298929779059953,0.4679370699919533,False
C4D1,3,4,1111,on,4,0.24,4.8,0.4392666388137162,-0.9227254832781171,0.7516258951568887,21.68003648759613,3.7596389715079654,0.981457745726935,0.9878539591139616,0.021930274225251456,3.422300382052506,0.679571996190603,False
C4D1,3,4,1111,on,5,0.24,5.6,0.43471026701597715,-0.9272648035262306,0.7349757651863258,20.602760938033253,3.5728234584664404,0.9812916681932509,0.9877328650497734,0.01904562171331536,2.6612788803537373,0.6081745121586563,False
C4D1,3,4,1111,off,0,0.2,11.8,0.03533949537394362,0.3777475748282065,4.449446481151461,1.387290389076014,0.4063306762255075,0.9997713265467573,0.9570175957971173,0.013656572996517034,0.3838232283416041,-0.9302804503012039,False
C4D1,3,4,1111,off,1,0.08,11.8,0.03618938596650618,0.37837720279604725,4.408914364493336,1.6246740242198086,0.45841078354039605,0.9997050059086808,0.9673511034000035,0.015074359239976626,0.4331171642446444,-0.9272706359159427,False
C4D1,3,4,1111,off,2,0.4,11.8,0.034145605359213856,0.37677227465837815,4.507548858442275,1.0735579067117371,0.3330481149719257,0.9998486183340679,0.9294080842395848,0.01161452339859385,0.3151298990615148,-0.934747695315684,False
C4D1,3,4,1111,off,3,0.8,11.8,0.032418033288418226,0.37510626213089776,4.594672120611488,0.6684700738520206,0.23192085035431748,0.9999286273732542,0.8286447372631225,0.00862938881778943,0.21917194589922956,-0.942135345957201,False
C4D1,3,4,1111,off,4,0.2,8.0,0.043889521290370256,0.37144386447722183,4.239280645353499,1.3175122126082497,0.4344272309456599,0.999752645240527,0.9454378419585604,0.021870175411456767,0.8196130100336471,-0.9675772236608909,False
C4D1,3,4,1111,off,5,0.2,10.0,0.037569672609916886,0.3762444714208464,4.389495303172648,1.4222908248415327,0.43486358493016747,0.9997454522687216,0.9544686908827466,0.017436152271905214,0.5576446056090155,-0.9503722579557292,False
C4D1,3,5,0000,on,0,0.24,6.2,-0.4293769577558633,0.8648504224911582,0.6594407835824769,16.228732249646733,3.1101848548555426,0.9833462933924871,0.9851539711142202,0.01481211351490693,1.7974567409830848,-0.5319582018981428,False
C4D1,3,5,0000,on,1,0.08,6.2,-0.4326538089727394,0.7358912353559627,0.7577625476130034,22.917340122782427,4.340629863450196,0.9749195129450127,0.9762980900698367,0.020975800715593514,2.626906037423174,-0.5706869202875525,False
C4D1,3,5,0000,on,2,0.4,6.2,-0.4274343003672032,1.0123943146056456,0.5924272688794775,13.051703088167443,2.923533878842874,0.9844505375126121,0.9801903847948461,0.012934915385847547,1.4237944177589896,-0.5062165926189856,False
C4D1,3,5,0000,on,3,0.8,6.2,-0.4239607313892331,2.0441007584539737,0.4307922698741342,5.933893670254513,2.125600629777144,0.9897777150912695,0.9557597538498622,0.007773471464329743,0.6260024420730037,-0.4358542457585299,False
C4D1,3,5,0000,on,4,0.24,4.8,-0.4347159716419362,0.8579608837669143,0.6794668079743537,17.639866127464014,3.3806241687493572,0.983887766915103,0.9851868380114782,0.01801961086870626,2.5995827810273475,-0.6400115906421169,False
C4D1,3,5,0000,on,5,0.24,5.6,-0.4310018425224923,0.8626778216687111,0.6655183413350899,16.863192925922075,3.231777223008386,0.9834279526417683,0.9852076976709025,0.01596326930029956,2.0711479834818927,-0.5717111287465703,False
C4D1,3,5,0000,off,0,0.2,11.8,0.07786595179208954,-0.4938481864655529,4.901644902428074,0.814180154134136,0.18797924479159822,0.9999530345203875,0.9121328857359756,0.007335167561624896,0.26505782653032833,0.9435856950821803,False
C4D1,3,5,0000,off,1,0.08,11.8,0.07718612982219777,-0.49411510441491996,4.877165815809176,0.9978169974502619,0.22322550828978632,0.9999332237844278,0.939876893868082,0.008556014447379065,0.31482953706531097,0.9416587523336765,False
C4D1,3,5,0000,off,2,0.4,11.8,0.07872189814652596,-0.4934525486387912,4.933006771517151,0.6065909903422553,0.14748734871816818,0.999971465350829,0.8490897195485336,0.005913419247739115,0.20752264298069747,0.9464573146032687,False
C4D1,3,5,0000,off,3,0.8,11.8,0.0797148100219951,-0.49285276668141575,4.970561500463326,0.4438547507120296,0.1189374189978872,0.999981734951807,0.7295786334350974,0.005023272426808006,0.16668809474526364,0.951324525057522,False
C4D1,3,5,0000,off,4,0.2,8.0,0.07393885675990695,-0.49080708550025787,4.823129486034389,0.8376501535891552,0.22039257070752863,0.9999383640655688,0.9260526447471413,0.013896153783870846,0.6614762961698345,0.9755432979002168,False
C4D1,3,5,0000,off,5,0.2,10.0,0.07604487274374438,-0.4925097060812416,4.863077584455596,0.8118612864837035,0.19658362347135686,0.9999497699718073,0.9064123675614784,0.009325923797528422,0.38153829650791743,0.9603975859914086,False
C4D1,3,5,1111,on,0,0.24,6.2,0.4389871013362526,-0.9628084922203369,0.7246030831662256,20.7744170574076,3.5002171908067266,0.9807436308698445,0.9870420231899363,0.01771846262879721,2.3935608221114224,0.5642133931870872,False
C4D1,3,5,1111,on,1,0.08,6.2,0.4432678202726934,-0.8249822998510188,0.8319295666736101,28.531357645692292,4.798812200314622,0.9715409040416794,0.9797272771616865,0.024931361610040333,3.42769506685341,0.6048866624891913,False
C4D1,3,5,1111,on,2,0.4,6.2,0.4364882045272094,-1.1124131897361818,0.653618659474049,17.241411649487304,3.317129868102977,0.9816162002905328,0.9845339969817248,0.01568550087834345,1.9503662002744833,0.5380832867001256,False
C4D1,3,5,1111,on,3,0.8,6.2,0.43187396056146016,-2.103906487399836,0.48058419913843925,9.044888609126518,2.6231338576964824,0.9860721758531328,0.9683385840730911,0.01019548388749973,0.9810697352549359,0.46535249398784373,False
C4D1,3,5,1111,on,4,0.24,4.8,0.4461655212890676,-0.9554694830068262,0.7498526686182866,22.6607099633496,3.8180328406047415,0.9810625075668051,0.987153870808911,0.02210119775514336,3.570908770300747,0.6786405810194437,False
C4D1,3,5,1111,on,5,0.24,5.6,0.441015296636482,-0.9605921850489197,0.7317596331379667,21.644928312149144,3.6468869361101506,0.9806628908394431,0.9871270723827498,0.019269656886831354,2.78918471198622,0.6065252049977418,False
C4D1,3,5,1111,off,0,0.2,11.8,0.03775285803078653,0.3790715219464422,4.544955370902777,1.1621168861813043,0.3411307837820643,0.999840131586452,0.9499436530797813,0.011848354714261138,0.3330357716826295,-0.9334341435915638,False
C4D1,3,5,1111,off,1,0.08,11.8,0.038664305951668,0.37967326151987485,4.501787162131055,1.45799431025497,0.4112998178932681,0.9997631328754087,0.9651899861335024,0.014004176940228671,0.4022226257187877,-0.9304929926091805,False
C4D1,3,5,1111,off,2,0.4,11.8,0.03661171660446254,0.37823656396744987,4.600076100862486,0.8262497902726148,0.25722712343603016,0.9999108444574369,0.9083786192782586,0.009236286854781825,0.2509385631782467,-0.9375835813875356,False
C4D1,3,5,1111,off,3,0.8,11.8,0.03529388721768555,0.3770730344416036,4.6659859663544605,0.5482711784187556,0.18943847727552765,0.9999524989917,0.7923452934370668,0.007234780146294758,0.1845556381173029,-0.9440596520722684,False
C4D1,3,5,1111,off,4,0.2,8.0,0.04459053027408558,0.3740175094483517,4.373546142686918,1.135662157260125,0.37642345862922677,0.9998157870410043,0.9456075539578065,0.019999156212626074,0.748041663952131,-0.9697191945175742,False
C4D1,3,5,1111,off,5,0.2,10.0,0.04018545148401164,0.37739890770221934,4.479376716655281,1.14577947911875,0.3518949884726268,0.9998347547771481,0.950370188090675,0.01456985991796707,0.46543800676773195,-0.9525387681181678,False
C4D3,4,1,0000,on,0,0.24,6.2,-0.17528159501053525,0.46859048942489584,0.5041453438614443,6.344260608913695,2.533682080017928,0.9866480660543839,0.9643307987667827,0.009925300124738367,0.645548081101885,-0.45130805055932316,False
C4D3,4,1,0000,on,1,0.08,6.2,-0.17678355805174284,0.36725219199123504,0.6095123533262436,11.01194859908438,4.376991000511292,0.9714993112616188,0.9615620906057399,0.0176090878812536,1.1589601383649242,-0.4983773261264472,False
C4D3,4,1,0000,on,2,0.4,6.2,-0.17453495577645767,0.579656395353082,0.443912868046927,4.6224791944793395,2.2446951461038727,0.9882270211254818,0.9649915297336694,0.008279502145966126,0.4657534808501484,-0.42528029258879735,False
C4D3,4,1,0000,on,3,0.8,6.2,-0.17337600818177248,1.5937144357065283,0.3049159054721412,1.4156286404055152,1.3800029035873829,0.9940298883156663,0.9002083055595361,0.0041592907523813425,0.14006977853354632,-0.35709195390962656,False
C4D3,4,1,0000,on,4,0.24,4.8,-0.1765299440296717,0.4658823656629617,0.511642253513625,7.064364621542163,2.8212671502122872,0.9866628263607091,0.9642406639569389,0.01179773882491364,0.9023587882410875,-0.5366874946201968,False
C4D3,4,1,0000,on,5,0.24,5.6,-0.1757153347587987,0.4676462056014774,0.5067342243080594,6.626406619110996,2.646361607870404,0.9866584878679969,0.964273041536307,0.01059806303204224,0.7341649316317423,-0.48275268381972714,False
C4D3,4,1,0000,off,0,0.2,11.8,0.06396002974776618,-0.21308611224249716,3.9665191270297697,1.812797938469722,0.8883063618719371,0.9987843079915598,0.983335117964421,0.02588175265851701,0.41702514199378515,0.9106835738536709,False
C4D3,4,1,0000,off,1,0.08,11.8,0.06268988321275779,-0.21471174471124885,3.856932107995088,2.3752363040958118,1.0908608929336332,0.9980707355953922,0.987302556284066,0.030745427520299795,0.5123465150164674,0.9031249142998903,False
C4D3,4,1,0000,off,2,0.4,11.8,0.06550709033643817,-0.21107699337304925,4.103413560680455,1.2063597014068976,0.6453430556136968,0.9993926494202049,0.9701392566843269,0.01978078260962237,0.30364461015710736,0.9199872302214815,False
C4D3,4,1,0000,off,3,0.8,11.8,0.06731335873364831,-0.20855513204633022,4.270077692765811,0.6514852561952672,0.4001382119074036,0.99977942086156,0.9095827142832745,0.013339555855769172,0.1888490122547554,0.9320740500862369,False
C4D3,4,1,0000,off,4,0.2,8.0,0.0558978633621908,-0.2078875056454794,3.625469330161441,1.8050904208151457,0.9798738796421478,0.9986114651003569,0.9812743935666532,0.03892394415945627,0.8478545971919464,0.9542606933638369,False
C4D3,4,1,0000,off,5,0.2,10.0,0.06133019250894395,-0.2115365935424358,3.8460208985290567,1.832500362577638,0.9311241786641055,0.9987038386002619,0.983757146837281,0.031146315668807475,0.5734715445820153,0.9336738959095001,False
C4D3,4,1,1111,on,0,0.24,6.2,0.2938357501840351,-0.44488700170489814,0.41793050696675677,4.194416413568077,1.938189192480452,0.9907716114918762,0.9268406231159846,0.0067773813086257325,0.409298113461787,0.4040555056704933,False
C4D3,4,1,1111,on,1,0.08,6.2,0.2951143139692958,-0.3237716898257582,0.5278846304133307,9.290640945238644,4.293093030303071,0.9696743463559135,0.9450433854742505,0.015601502679296563,0.9373785639257458,0.4566205506250178,False
C4D3,4,1,1111,on,2,0.4,6.2,0.29328207938642414,-0.5720089786601961,0.3638181759639538,2.5328236193436346,1.4854394921760175,0.9935833633585012,0.9388391954816068,0.004968459150585469,0.24562155826701623,0.3789660123425585,False
C4D3,4,1,1111,on,3,0.8,6.2,0.2926631008765016,-1.4433936567234709,0.26542536516607756,0.8974415803859401,1.357718849820299,0.9927855107687812,0.8858267934289622,0.003977503220083063,0.08716797154112017,0.33053300993718365,False
C4D3,4,1,1111,on,4,0.24,4.8,0.2948465892742178,-0.4417216051677861,0.42390615370039364,4.568469948403917,2.1110348156004535,0.9912907256505424,0.923528592382647,0.007758309493305064,0.5471515562179762,0.47788359379842993,False
C4D3,4,1,1111,on,5,0.24,5.6,0.29417718716012575,-0.44381968079417566,0.4199309102723962,4.35267836900588,2.011320131654285,0.9909361845721266,0.9256901872567935,0.007153145904268361,0.4590185339734179,0.4312105946955776,False
C4D3,4,1,1111,off,0,0.2,11.8,0.09375133787450594,0.17943775425569525,3.868627148314605,1.705528987229465,0.9824195386796882,0.9984826755833235,0.9656313178373203,0.027731611465818904,0.3774387904926428,-0.9058141118713866,False
C4D3,4,1,1111,off,1,0.08,11.8,0.09471555626207379,0.18078851787050115,3.7692774675043155,2.0849004932708204,1.136731662488168,0.9979043933353291,0.9756740993908412,0.030846643637252782,0.434300911980659,-0.8983275699840575,False
C4D3,4,1,1111,off,2,0.4,11.8,0.09241073446147523,0.1775266869749656,4.0104243243428535,1.2067815542344742,0.7553335166343705,0.9991400652169282,0.9355712360579144,0.022639014582156895,0.29285711391605684,-0.9159456065754851,False
C4D3,4,1,1111,off,3,0.8,11.8,0.09072050592921999,0.17499092833530638,4.196814561232178,0.6736520545203833,0.48750520729118696,0.9996641973774434,0.8202443143808543,0.015972191542094616,0.1897731070442666,-0.929465434101959,False
C4D3,4,1,1111,off,4,0.2,8.0,0.10079332458788408,0.1751166992160346,3.5139316103227776,1.6783536964390053,1.0754692403793518,0.998324712651163,0.9601174804732513,0.04041734537781094,0.7462771951253754,-0.9510018468537196,False
C4D3,4,1,1111,off,5,0.2,10.0,0.09649785368183754,0.17790139935007498,3.7194369642298986,1.6726995593512113,1.0042061295287505,0.998480001757991,0.9625358334634896,0.031825224806499984,0.49528739395861854,-0.9286581854213629,False
C4D3,4,2,0000,on,0,0.24,6.2,-0.17604297986730316,0.46884367280222333,0.5084661903803779,6.3459656994423845,2.5167088177653056,0.9868499452761106,0.9653116100794056,0.009937625977142662,0.6471374667808003,-0.45362373938876754,False
C4D3,4,2,0000,on,1,0.08,6.2,-0.1775528244906826,0.3675903629525953,0.6145249012170447,11.118983377275496,4.4096115288858195,0.971243274491584,0.9621409356672441,0.017847310955007405,1.1733896410046039,-0.5008974874538225,False
C4D3,4,2,0000,on,2,0.4,6.2,-0.1752986107989388,0.577942240916583,0.4485131519264432,4.601233007000529,2.2099448221439073,0.9885736832441497,0.9675046378340723,0.008242969963802683,0.46467501182909837,-0.4278726651152419,False
C4D3,4,2,0000,on,3,0.8,6.2,-0.17419108858774585,1.4847818582218189,0.31467382277727307,1.6642635005479374,1.5948346712900847,0.9921557621808039,0.9332090550081732,0.004926992951413931,0.16544444551647655,-0.3634850702857764,False
C4D3,4,2,0000,on,4,0.24,4.8,-0.17774919144235973,0.46523186491561525,0.518754122193036,6.904030489929226,2.7380284160143153,0.9875015222416959,0.9641856629124023,0.011591871892893891,0.8867730711202017,-0.5413288851642793,False
C4D3,4,2,0000,on,5,0.24,5.6,-0.17655436422003526,0.4677589430415475,0.5115183855038331,6.602295744775417,2.6183652268764535,0.9869687780830829,0.9651547041312427,0.010578064028687025,0.7335875360377779,-0.48553223263879614,False
C4D3,4,2,0000,off,0,0.2,11.8,0.061782998724922385,-0.21284805022667855,3.903675133374094,1.9501392964318962,0.948408888950708,0.9985901904631163,0.9842164354931972,0.02713626383166351,0.43762153683694227,0.9075977809180283,False
C4D3,4,2,0000,off,1,0.08,11.8,0.06050809888297631,-0.21457306799622544,3.7933163559413607,2.5006454796060953,1.1410625729712103,0.9978599282003812,0.9878282947828744,0.03150263486239641,0.5259286329749431,0.8996741621203094,False
C4D3,4,2,0000,off,2,0.4,11.8,0.06334448972466716,-0.21071028025476496,4.042333502491816,1.371062563886275,0.7285326208246728,0.9992123874588685,0.9741931975049455,0.021959121964152957,0.3369364469998633,0.9173634046099417,False
C4D3,4,2,0000,off,3,0.8,11.8,0.06527583037868434,-0.20789292634596432,4.2212536008016315,0.8232869400232535,0.503840912184589,0.9996449662232321,0.9383589092248965,0.016589664757248813,0.23415541563678863,0.9303509662843267,False
C4D3,4,2,0000,off,4,0.2,8.0,0.051753315396521574,-0.20664237546414146,3.479024855329309,1.6738608445372682,0.9052811884247349,0.998806076197122,0.9740701077909135,0.033505563953799576,0.7314355666771944,0.9499128998396126,False
C4D3,4,2,0000,off,5,0.2,10.0,0.05815539352407261,-0.21079827565675596,3.737161105990147,1.8519011028104113,0.9368645275498261,0.9986720454051633,0.9812772150545431,0.029990080859725796,0.5526495437022219,0.9293917801190827,False
C4D3,4,2,1111,on,0,0.24,6.2,0.2929466126981645,-0.4260371467270222,0.4265098725775008,4.365641391180691,2.0304429076106794,0.989540417063143,0.9618403179992691,0.007372459589433637,0.42772007509486704,0.4088578246867287,False
C4D3,4,2,1111,on,1,0.08,6.2,0.2940578754798005,-0.3231771928968895,0.5232761565957127,8.504434926160126,3.880951156783843,0.9741308036959387,0.9439083157056185,0.014244665238288117,0.8560939465765799,0.45422111459915016,False
C4D3,4,2,1111,on,2,0.4,6.2,0.2924471378249007,-0.5414061744045807,0.3739983534489299,3.0800696481306775,1.8674952176412645,0.9902892105015424,0.9460899352557356,0.006297276799310563,0.3000995775109251,0.3849931117099629,False
C4D3,4,2,1111,on,3,0.8,6.2,0.29180302750501835,-1.53557590521147,0.26349680440700274,1.3919855628328806,2.060168530982452,0.9840102082131208,0.9134742770033737,0.005904351632767364,0.13508285970305253,0.3292043491492354,False
C4D3,4,2,1111,on,4,0.24,4.8,0.2936224441841441,-0.42405942748367503,0.430638639344231,4.893640280897495,2.2760131468469025,0.9894952416385263,0.9623250031449581,0.008672567927878207,0.5888529977351281,0.4824946161759399,False
C4D3,4,2,1111,on,5,0.24,5.6,0.2932119134313702,-0.4252610638376104,0.42812232642114134,4.563297701806061,2.1223720923725176,0.9895643738413662,0.9620332042250631,0.007836639074634735,0.48338295697741007,0.43617200080680424,False
C4D3,4,2,1111,off,0,0.2,11.8,0.0947765800672102,0.18079364931698058,3.946996419275244,1.6440623567879147,0.9537831740852076,0.9986112565797934,0.9360663493192712,0.027436216284207837,0.3753105094749977,-0.9097400868110587,False
C4D3,4,2,1111,off,1,0.08,11.8,0.09565438663178649,0.18191744363319132,3.8577957144412367,1.9485173982800004,1.0694778528891535,0.9981911417745664,0.9526298966442673,0.029779860196972378,0.42044561133968267,-0.9031706602555604,False
C4D3,4,2,1111,off,2,0.4,11.8,0.09359284878392198,0.17923244062551943,4.070303283709672,1.2895698328207632,0.8058270623131083,0.9990374883821086,0.8965554081072665,0.024564028510267216,0.320410627173742,-0.9185793481819983,False
C4D3,4,2,1111,off,3,0.8,11.8,0.09191084347142625,0.17685267094412654,4.2530074914995195,0.8999895450549777,0.6429881191075809,0.9994144993128103,0.7919358983321927,0.02158609139056386,0.2591594055067224,-0.9314784762435874,False
C4D3,4,2,1111,off,4,0.2,8.0,0.10380810605885597,0.17513787039033685,3.496001374602069,1.3001404748301015,0.8428491644950032,0.9989957004203512,0.9497700963124773,0.03099669469357863,0.5729679224624812,-0.9504468150783294,False
C4D3,4,2,1111,off,5,0.2,10.0,0.09780840724344203,0.17905679602936883,3.782404091314225,1.5573902969289664,0.9405005560956853,0.9986963985282795,0.956583652716802,0.03034089664026027,0.47407605997185637,-0.9312172010094623,False
C4D3,4,3,0000,on,0,0.24,6.2,-0.17809389069470172,0.47138321623854984,0.5017629167431341,6.601995321779225,2.5926913871587303,0.9856080169152285,0.9732264546813344,0.010258944782626955,0.6709652026275312,-0.45002930182749323,False
C4D3,4,3,0000,on,1,0.08,6.2,-0.1795619394983234,0.37175327941823977,0.6037356183220671,10.989402623232166,4.293131387406411,0.972014330074371,0.9613633515089011,0.017266677434095802,1.1530114767920143,-0.4954667435080866,False
C4D3,4,3,0000,on,2,0.4,6.2,-0.1773379745739862,0.5871547330985492,0.4404296072274719,4.930969500596218,2.388903086818206,0.9866903468939896,0.9638032674324806,0.008738480097932301,0.49597961142117086,-0.42331309446510335,False
C4D3,4,3,0000,on,3,0.8,6.2,-0.17609427297196517,1.7934515580543042,0.29294743759485053,1.4345871963809464,1.3742731986819559,0.9937868713328988,0.8971055901761901,0.004075131691398184,0.14114062891041043,-0.3491644300747027,False
C4D3,4,3,0000,on,4,0.24,4.8,-0.17955561170900508,0.4681750702499837,0.5104983827599259,7.292180896697719,2.8637364437538517,0.9858865369123189,0.9731848207711485,0.012110994031510502,0.9306339860328391,-0.5359391315114302,False
C4D3,4,3,0000,on,5,0.24,5.6,-0.17865098745504393,0.47015841052620844,0.5050665051563139,6.85882980193941,2.6935537041070625,0.9857906759032264,0.9731166537399806,0.010903718753819316,0.7591617993858564,-0.48178234249381324,False
C4D3,4,3,0000,off,0,0.2,11.8,0.06455305363704322,-0.21397450316683964,3.949678192613375,1.8867184459238198,0.9199182766400381,0.9986941948544485,0.9837724618737076,0.02663363879933494,0.43116038036687215,0.9098704885590175,False
C4D3,4,3,0000,off,1,0.08,11.8,0.06335996538185065,-0.21551214469398405,3.8472013086752748,2.371311439157157,1.0881567886184493,0.9980914421357705,0.9873349068915965,0.03045135160769132,0.5095309285795604,0.9026074631443697,False
C4D3,4,3,0000,off,2,0.4,11.8,0.06601970711186726,-0.2120452661813371,4.078837808216936,1.3884526714811436,0.7358773296294134,0.9992027625550527,0.9747526219643501,0.022433942594878947,0.34613515232335607,0.9189454813619499,False
C4D3,4,3,0000,off,3,0.8,11.8,0.06799429348015808,-0.2092616079098007,4.260206244634622,0.850706189792053,0.5168914559172806,0.9996263659381586,0.9404854853063305,0.01729281243175642,0.24565450051080218,0.9317305272500667,False
C4D3,4,3,0000,off,4,0.2,8.0,0.055367122567923935,-0.20819198751537005,3.5605251443288775,1.716656692557353,0.9296900562168754,0.99875469063158,0.9810533089106707,0.03567542992836421,0.7811047051835042,0.9524028227798494,False
C4D3,4,3,0000,off,5,0.2,10.0,0.060941441022092105,-0.2118949800386421,3.784326846200951,1.785790393066314,0.9074383332050883,0.9987759072029639,0.9823628154390918,0.029425898664528383,0.5440589844153159,0.9312933077960635,False
C4D3,4,3,1111,on,0,0.24,6.2,0.2956929482457238,-0.42371217215254076,0.43408503199698,3.939341732930351,1.8129546409708952,0.9916623939985696,0.9661365816089812,0.0066956991603526585,0.38733450504971406,0.41307762915837165,False
C4D3,4,3,1111,on,1,0.08,6.2,0.29682115805420295,-0.32597665142581944,0.5286319907940225,8.084069497883716,3.639824950492116,0.9772085769957778,0.9409019890065113,0.013493139699686935,0.81594500055841,0.4570092224810514,False
C4D3,4,3,1111,on,2,0.4,6.2,0.2951972018474972,-0.527842559781989,0.38392705983459313,2.6877518838102894,1.622512001491642,0.9927838481873918,0.9484114874075885,0.005568924569097515,0.26309075599355347,0.39082764491588584,False
C4D3,4,3,1111,on,3,0.8,6.2,0.2945570984479313,-1.2769637119140291,0.2813341139491919,1.084746278767963,1.5903772700374388,0.9909261532544672,0.9438985503913373,0.004734475643113793,0.10614105360502252,0.34137451853919476,False
C4D3,4,3,1111,on,4,0.24,4.8,0.2965886287467349,-0.42105135966429247,0.43976227597303874,4.243867973889104,1.9578924632379036,0.9922728719861194,0.9650875375083696,0.0075958964576080335,0.5139568027048069,0.48871707196077596,False
C4D3,4,3,1111,on,5,0.24,5.6,0.2961969249815684,-0.4222166917884647,0.43726229120383003,3.9929283622223233,1.8376161542020921,0.9921958676334175,0.9647957263247382,0.006918670804032859,0.42509653331606817,0.4416818806616259,False
C4D3,4,3,1111,off,0,0.2,11.8,0.09202545360384468,0.18502742575481324,3.997312145181079,1.5838405514510991,0.899550782980692,0.9987691188994156,0.9818092826562418,0.026384923182302324,0.36878871348753006,-0.9121447382591866,False
C4D3,4,3,1111,off,1,0.08,11.8,0.09294911585181728,0.1861529944472038,3.9058602643083065,1.9188768885613774,1.0320906590325405,0.9983237692753012,0.9859119870362819,0.029263797517640584,0.42198726287746957,-0.9056716586339248,False
C4D3,4,3,1111,off,2,0.4,11.8,0.09082304298105548,0.18351963331634008,4.119276729098589,1.2092745918247407,0.7435322757383039,0.999192926242098,0.9721108241008666,0.022955559811173275,0.30626766520187704,-0.9206498950675118,False
C4D3,4,3,1111,off,3,0.8,11.8,0.08914194677316561,0.1812469379459677,4.296990776892492,0.7956496175414195,0.5593990816671478,0.9995648348106758,0.9400001929976874,0.018944728879135068,0.23305576365894115,-0.9329983809021978,False
C4D3,4,3,1111,off,4,0.2,8.0,0.10055897058830397,0.17964289296343214,3.57574668020956,1.2896007853478022,0.8153617513473939,0.9990545900681255,0.9733451154370092,0.031319655440773246,0.5911950649856075,-0.9528479520821135,False
C4D3,4,3,1111,off,5,0.2,10.0,0.0955280963438965,0.18298437297597875,3.8112122316060653,1.4212617916101016,0.8411400105404143,0.998959105688089,0.9779821421522942,0.027468699360514694,0.43810800470020117,-0.9323452418541833,False
C4D3,4,4,0000,on,0,0.24,6.2,-0.18024512824759956,0.46864290749460025,0.5105774579600099,6.596222740919713,2.5664467415084884,0.9858958456678458,0.9770264841538492,0.010341740457791295,0.6733802747005749,-0.4547536203061675,False
C4D3,4,4,0000,on,1,0.08,6.2,-0.18164661075602415,0.3756682797825334,0.6070370164116381,10.693316818681152,4.0998741036938915,0.9741389093731059,0.9615341958387339,0.016677824440057314,1.1239309203863228,-0.49713095330032187,False
C4D3,4,4,0000,on,2,0.4,6.2,-0.17950894306479964,0.5778145690044522,0.4506096758734241,4.9845560347615185,2.407574638570112,0.9867704125192868,0.965013910153741,0.008920789896961304,0.5039135536123974,-0.42905199413391076,False
C4D3,4,4,0000,on,3,0.8,6.2,-0.17832140188900278,1.5774207379769214,0.3093102928892139,1.7424051898762503,1.6484200992204892,0.99155892235288,0.9227115301634573,0.005024167943770237,0.17276601827347227,-0.35997858771630564,False
C4D3,4,4,0000,on,4,0.24,4.8,-0.18180237298786378,0.4653834002639714,0.5199620093817677,7.254781468804961,2.8226776129719666,0.9862775936724787,0.9771979428286874,0.012185151690822623,0.932705258241204,-0.5421152076138048,False
C4D3,4,4,0000,on,5,0.24,5.6,-0.18065109497796938,0.4677907792708535,0.5130010532239495,6.902249367374472,2.685515043039213,0.9858458984920085,0.9772605356680416,0.011064855133064993,0.76759768216344,-0.4863924300184679,False
C4D3,4,4,0000,off,0,0.2,11.8,0.06629621961104705,-0.22057472249792565,3.9774259785812056,1.9003242929310429,0.898427884215184,0.9987532619213642,0.9802608265737779,0.026332101548866418,0.43903935562648305,0.9112048632438362,False
C4D3,4,4,0000,off,1,0.08,11.8,0.06499370002281968,-0.22221058603819072,3.8690963953874364,2.455273452587761,1.0876514131306456,0.9980751370551614,0.9848202824464813,0.030871806849495826,0.5321673650368842,0.9037666064352331,False
C4D3,4,4,0000,off,2,0.4,11.8,0.06786528006653227,-0.2185713496081947,4.111224385119862,1.336263469092819,0.6871948474053767,0.999305134934721,0.9658731389751142,0.02122776513036241,0.337368707997976,0.920314466660469,False
C4D3,4,4,0000,off,3,0.8,11.8,0.06976414971184276,-0.2159730413489416,4.279887950785584,0.8187533092861803,0.4822923214118854,0.9996752662707206,0.9182724439865031,0.01625105583094016,0.2382405168342386,0.932413045117769,False
C4D3,4,4,0000,off,4,0.2,8.0,0.05640610400452897,-0.21432626918992154,3.569528789271373,1.6374136394545382,0.8643030666424751,0.9989299316348884,0.9703617563639786,0.03321820581389179,0.7483549286843697,0.9526668506609208,False
C4D3,4,4,0000,off,5,0.2,10.0,0.06250508674536928,-0.21837348450630317,3.8086184169202633,1.7809241953870512,0.8770695923380816,0.9988526642504441,0.975654872412774,0.028806340115760776,0.5483555488103055,0.9322447432197887,False
C4D3,4,4,1111,on,0,0.24,6.2,0.29819247422489725,-0.4254749113126674,0.4531134711345508,4.163709220552919,1.8836092651949712,0.9914909713975318,0.9613765594443762,0.007071689917512061,0.4131311015182563,0.423597796566846,False
C4D3,4,4,1111,on,1,0.08,6.2,0.29942675360657267,-0.32751106677996955,0.553123798109849,8.568678598575975,3.832020342305762,0.9758807370631317,0.9448888516487989,0.014570504400867629,0.8755909348975023,0.46967916045597835,False
C4D3,4,4,1111,on,2,0.4,6.2,0.29764690912849334,-0.5267827416863498,0.4009224479727697,2.7953053744476053,1.6192411998155596,0.9930822475390002,0.9500666151045694,0.005699385859151122,0.2758244669501629,0.40072128683637304,False
C4D3,4,4,1111,on,3,0.8,6.2,0.29690850000830166,-1.2776758064889164,0.29129324132874485,0.7721621350323082,1.0361240172883235,0.996313950393824,0.8510495617855912,0.003116954290444442,0.07590920176197755,0.348060821409039,False
C4D3,4,4,1111,on,4,0.24,4.8,0.2991158839573182,-0.4229112580570285,0.45906968090676065,4.58267186126109,2.073142652376045,0.9917472057412405,0.9610018858593936,0.008223084924680308,0.5627240457023983,0.501786397709762,False
C4D3,4,4,1111,on,5,0.24,5.6,0.2985124641380361,-0.42458680649762637,0.4551624500895574,4.333239214618339,1.9603024852627424,0.991576522927337,0.9613308353456539,0.0074986047322272344,0.465958840803703,0.4523968805052048,False
C4D3,4,4,1111,off,0,0.2,11.8,0.09247845624536051,0.18490912300154547,3.976123200947105,1.6283592218565717,0.9221611486339624,0.9986974649868539,0.9765109950565612,0.02690078500681913,0.3760136062184865,-0.911142814725606,False
C4D3,4,4,1111,off,1,0.08,11.8,0.09342489149550906,0.18609328864087027,3.8821726473721756,1.9780471375213227,1.0617452469267559,0.9982182388313743,0.9826443942521271,0.02986753815314197,0.4309531936837675,-0.9044500675241302,False
C4D3,4,4,1111,off,2,0.4,11.8,0.09122608764884065,0.18330167250983856,4.103545089466749,1.220751748412759,0.7492460223101259,0.9991754924901808,0.9619537448682395,0.023051119452416897,0.30728291517417133,-0.9199927554853471,False
C4D3,4,4,1111,off,3,0.8,11.8,0.0893710323849288,0.18075722128400698,4.300471179304287,0.6787951740156223,0.47657813964147,0.9996815471794782,0.8836688983100778,0.01622825610526255,0.1990953200541545,-0.9331166236358259,False
C4D3,4,4,1111,off,4,0.2,8.0,0.1000586441440987,0.18009896156081862,3.6030492264675296,1.5535992285499338,0.9787337459496517,0.998632194086844,0.9692034994515154,0.0382010802409665,0.7218030915653675,-0.9536313916746247,False
C4D3,4,4,1111,off,5,0.2,10.0,0.09533658355556575,0.18324526825286186,3.8243176998694803,1.586493547585165,0.9340402516166925,0.9987064099872727,0.9731704220954948,0.030809634281524223,0.4918352833448418,-0.932849832219131,False
C4D3,4,5,0000,on,0,0.24,6.2,-0.17888591895093822,0.46889760484196047,0.5089749001818836,6.688232155481731,2.6184006231706096,0.9854427426726597,0.9734370888736044,0.0104742952664075,0.6822168159886123,-0.4538960806492351,False
C4D3,4,5,0000,on,1,0.08,6.2,-0.18037122555010873,0.37204450939468936,0.6104654740697409,10.955992178673,4.252079133186969,0.972524927506376,0.9615769550766223,0.01730935785248843,1.1536620936182966,-0.4988569137619618,False
C4D3,4,5,0000,on,2,0.4,6.2,-0.17811372744482476,0.5816549704130155,0.44730248416520224,5.0516584950181445,2.4323028526509898,0.9863372077161445,0.9639242196639064,0.008998573301480291,0.5098554454360281,-0.4271910424454845,False
C4D3,4,5,0000,on,3,0.8,6.2,-0.17682718859910976,1.7487947971650095,0.2978572888547141,1.6853296848466637,1.5915251104839114,0.9918936971076552,0.8936085346615121,0.004738170448222931,0.16619571111657847,-0.3524284535845618,False
C4D3,4,5,0000,on,4,0.24,4.8,-0.1798008127634176,0.46692699725903747,0.5144952412873026,7.539835532932514,2.9571964526862993,0.9850376496658715,0.9742569995627142,0.012583390668040038,0.9652276996667373,-0.5385518047227937,False
C4D3,4,5,0000,on,5,0.24,5.6,-0.17909115376486112,0.4684522624684412,0.5102089235325908,7.037578564889601,2.7576890221662085,0.9851995295696954,0.9736837900124506,0.011252565197448381,0.7813395356611638,-0.4847720467097204,False
C4D3,4,5,0000,off,0,0.2,11.8,0.06468409597242435,-0.21806770835910433,4.021397527179665,1.8850085851659646,0.9051342957680732,0.9987446986770241,0.9722269503588038,0.026917485182124123,0.4430729409846509,0.9132650689478836,False
C4D3,4,5,0000,off,1,0.08,11.8,0.063416440134072,-0.21958826459032946,3.9150278798579046,2.400350328637803,1.0827985634815427,0.9981152161015343,0.9800508734909723,0.031156054113292177,0.5297791119617685,0.9061388065752851,False
C4D3,4,5,0000,off,2,0.4,11.8,0.06621739833547392,-0.2161960969686399,4.153230014855278,1.3631993929213921,0.7108241224352254,0.9992610814560762,0.9517249321190032,0.022275014737955783,0.34984018892605445,0.9220430491208986,False
C4D3,4,5,0000,off,3,0.8,11.8,0.06823549752223505,-0.2135544389881355,4.334022879693272,0.8120977670873459,0.4850589035729372,0.9996737447983467,0.8701381294707311,0.016650337546471015,0.2412954324399932,0.9342416009442545,False
C4D3,4,5,0000,off,4,0.2,8.0,0.05566943017353637,-0.21229706741793133,3.6428886779396477,1.7527018123071623,0.9361089646175138,0.9987425947786941,0.9688127127235421,0.03736067906099751,0.8302343144450437,0.9547411092147923,False
C4D3,4,5,0000,off,5,0.2,10.0,0.06108838979044217,-0.21594206874685257,3.8590764779113984,1.8055538739356527,0.9006914512126737,0.998791773310328,0.9681606677561587,0.03024844251171225,0.568237402218241,0.9341627747201146,False
C4D3,4,5,1111,on,0,0.24,6.2,0.29438374727114697,-0.41487130912728265,0.42890693065324925,4.049109044472799,1.9264627585696212,0.9906047748082486,0.9625372457558196,0.007023995524043257,0.3971555539731533,0.41019515848002014,False
C4D3,4,5,1111,on,1,0.08,6.2,0.29544682311804765,-0.31939724364096633,0.5213602292145522,7.931157610874703,3.648138860783107,0.976808289800927,0.9411756149900393,0.013417054443716672,0.797628806380307,0.4532221687703372,False
C4D3,4,5,1111,on,2,0.4,6.2,0.2938883963665246,-0.5248976055787287,0.3766149245732594,2.754685178293066,1.7086728471282957,0.991893490212833,0.9452366998796821,0.00579009821261301,0.26872318070320816,0.38653480719240124,False
C4D3,4,5,1111,on,3,0.8,6.2,0.29323716946950174,-1.4818932320197975,0.26520429974564413,0.9959952775207939,1.5019871603327684,0.9915315851724522,0.8861399208683385,0.004308432358024254,0.09673059261046024,0.3303809528335391,False
C4D3,4,5,1111,on,4,0.24,4.8,0.29544269928995825,-0.41172563738146173,0.43567713322916335,4.360308806895039,2.0745236643633342,0.9913280473617272,0.9615186043906164,0.007970801278757883,0.5265368793951298,0.4859346612375114,False
C4D3,4,5,1111,on,5,0.24,5.6,0.2948337746071821,-0.4135367505641761,0.4317597481899459,4.144728095052423,1.9719558628373068,0.9910299811583457,0.9618249881080281,0.007324439515412234,0.4399213011391269,0.4383679947555006,False
C4D3,4,5,1111,off,0,0.2,11.8,0.09503717985439362,0.18189438325057025,3.9832981198103288,1.6017812089306427,0.9224789136634188,0.9986974884210452,0.9689463878741134,0.02698242460888184,0.37092055972252647,-0.9114838126702005,False
C4D3,4,5,1111,off,1,0.08,11.8,0.09594673923712625,0.1830182276526382,3.891627845728731,1.9266778851158397,1.0514718160366623,0.998252093332725,0.9770572663135628,0.02970228249397306,0.42133152917521083,-0.9049402145702684,False
C4D3,4,5,1111,off,2,0.4,11.8,0.09382233692177964,0.18035173426066156,4.108764487716609,1.2219361571369467,0.7625203077501721,0.9991467063536864,0.9500014252803854,0.023501385828229793,0.30820835081969894,-0.9202116075014728,False
C4D3,4,5,1111,off,3,0.8,11.8,0.09210555192723101,0.17800723266478907,4.293692799094388,0.7967344198171713,0.567738768123382,0.99954758410838,0.8867723520635699,0.019290898660387877,0.23307603411676242,-0.9328860645403984,False
C4D3,4,5,1111,off,4,0.2,8.0,0.1035661849578674,0.17653161170098652,3.5557078022358937,1.3189346496315844,0.8494934178102066,0.998977741230564,0.9573804475916521,0.03224056016007431,0.5987128057543545,-0.9522606801337652,False
C4D3,4,5,1111,off,5,0.2,10.0,0.09844234272864161,0.17992241718630317,3.7991925919037963,1.456020374218261,0.8744989169360909,0.9988706583180522,0.9622787172270715,0.02845623903094641,0.44647883319397436,-0.9318777662017316,False
C4D4,5,1,0000,on,0,0.24,6.2,-0.29088740977404526,0.5879925855428835,0.7101502143877828,10.014007552760713,2.744331868868273,0.9875851552456233,0.9811319410573327,0.013858903237548329,1.1434941215148209,-0.5571478533265132,False
C4D4,5,1,0000,on,1,0.08,6.2,-0.293472406494949,0.5045466095472171,0.8148949724464494,15.16781406122904,4.151460497965153,0.9779787350186887,0.9752632147590107,0.021336413445772494,1.8022339346945178,-0.5971658466994191,False
C4D4,5,1,0000,on,2,0.4,6.2,-0.2895288264585307,0.6675849422554325,0.6480339088079821,8.032732481619508,2.5240138121952063,0.9886531613346771,0.9828555067028965,0.012163044430587515,0.9055843320109219,-0.5352110821782343,False
C4D4,5,1,0000,on,3,0.8,6.2,-0.28708713198119384,1.1278085523531691,0.49966330016792865,3.7443890365925054,1.8445114494945105,0.9928552131613924,0.9622020628968666,0.007583874498504607,0.41065060985917057,-0.47646972506989865,False
C4D4,5,1,0000,on,4,0.24,4.8,-0.29438525191572923,0.5838711637437916,0.7305734121760638,10.89751510706995,2.986456505274032,0.987821104485001,0.981051624542401,0.017094799082304695,1.6854164362394572,-0.6683784802067726,False
C4D4,5,1,0000,on,5,0.24,5.6,-0.29202981102515485,0.5865736827278103,0.7168458010117216,10.384863357365862,2.8459646465519803,0.9876518866973958,0.9810981617781173,0.014978594737448262,1.3234848943944977,-0.5988254353060786,False
C4D4,5,1,0000,off,0,0.2,11.8,0.06561227818574816,-0.33806189207749615,4.505091857487909,0.9063706806357619,0.2984282425561685,0.999877894095015,0.9577587870841642,0.010196850837834365,0.2559727290377946,0.9321426941825294,False
C4D4,5,1,0000,off,1,0.08,11.8,0.06483775314831171,-0.33860194301555757,4.463862192269957,1.186708472231599,0.37537261701019103,0.9998030108890203,0.9722849208539626,0.012584675506812663,0.32285179866045266,0.9292016982774364,False
C4D4,5,1,0000,off,2,0.4,11.8,0.0665046912775484,-0.33737210036640086,4.553538631611788,0.623819415558764,0.21777823076151778,0.9999361865363299,0.9175587979376432,0.007675776487913765,0.18625084012480767,0.9361794864842575,False
C4D4,5,1,0000,off,3,0.8,11.8,0.06747716165144448,-0.33646470851504984,4.608184568096457,0.4019305810716873,0.15625563620081417,0.9999679312721487,0.8135920110602555,0.005814411111348599,0.13244282607453065,0.9425071379524976,False
C4D4,5,1,0000,off,4,0.2,8.0,0.06149190776120773,-0.3350442695595132,4.388860732320201,0.9260089516935456,0.3431790688745329,0.9998470826597167,0.9588027787939144,0.018340105879155476,0.6138800958634308,0.9699500962263163,False
C4D4,5,1,0000,off,5,0.2,10.0,0.06369757583665393,-0.33676097451869413,4.447151174096599,0.8786471311689287,0.30293681991663973,0.9998782336826689,0.9522984128310314,0.012345088375873189,0.3524375338719684,0.9517780138165218,False
C4D4,5,1,1111,on,0,0.24,6.2,0.1912625881758166,-0.3281239014689867,0.2911496818741053,0.7656040926151231,0.5873570672492283,0.9987128888770036,0.7582171518777219,0.0017457937190458244,0.07065150347658429,0.3293464482095307,False
C4D4,5,1,1111,on,1,0.08,6.2,0.1919863541809625,-0.20763719593649446,0.3961818373846197,4.775913555032335,3.6223182544194237,0.9726015693684894,0.8781770800717804,0.01099963224644452,0.4530527844167374,0.3858371657290151,False
C4D4,5,1,1111,on,2,0.4,6.2,0.19115863958536944,-0.3736452192550014,0.27315361811488953,0.44302935126984383,0.5500521656017335,0.9987640604293081,0.8389563006121346,0.0016273506501209292,0.04127646485572309,0.3227855227455386,False
C4D4,5,1,1111,on,3,0.8,6.2,0.19113630182452956,-0.4113547147653612,0.26478906598264285,0.4439966283298616,2.2733180707019223,0.9782180159027086,0.8551018123467223,0.006945731203994843,0.043112504493846036,0.33009505675431083,False
C4D4,5,1,1111,on,4,0.24,4.8,0.19125031348246183,-0.32821106462919614,0.2910539448668621,0.8490794814596225,0.6513978163153935,0.998746644452776,0.7496497157431515,0.001984883585914198,0.09341487058380667,0.3828815525573175,False
C4D4,5,1,1111,on,5,0.24,5.6,0.19120535611994097,-0.3285302907380562,0.2907038764996237,0.7906462203963998,0.6065689169156138,0.9987485222367006,0.7477310987562538,0.0018173906276635352,0.07808089858011755,0.34911955102475445,False
C4D4,5,1,1111,off,0,0.2,11.8,0.08077787391845485,0.10487478624541932,3.055776010727451,0.9853219351052815,0.9754103342073641,0.9984623194630114,0.9747592876055919,0.01909981364307415,0.15578865263223451,-0.8480264824157515,False
C4D4,5,1,1111,off,1,0.08,11.8,0.08104456445945069,0.10570024826430566,3.0043507791033144,1.0949981131817614,1.0299133584992435,0.9982626002529028,0.9793456278467704,0.019571681268803407,0.16630154445224504,-0.8399385148567974,False
C4D4,5,1,1111,off,2,0.4,11.8,0.08037631754682965,0.10355290118076829,3.135912018061744,0.8316491059680056,0.8977408598925651,0.9987348078664853,0.9661524794209344,0.018370283958343288,0.14048246298485886,-0.8602719640171244,False
C4D4,5,1,1111,off,3,0.8,11.8,0.07968279291290682,0.10102157883895503,3.283114710554937,0.5925210758739095,0.7493922305272691,0.9991534760620351,0.9359356537969252,0.01680663427223762,0.1141784050718789,-0.8813414248665922,False
C4D4,5,1,1111,off,4,0.2,8.0,0.0836100345799958,0.10367530442854829,2.8298015476358547,0.9567741873563491,1.0172536653222606,0.9984984272328679,0.9700313436291315,0.02615310716862022,0.29558332994597036,-0.9213394924303969,False
C4D4,5,1,1111,off,5,0.2,10.0,0.08185340961662896,0.10450573355059774,2.9627142389209578,0.9644112082203836,0.9788314997201544,0.9985281027538394,0.9722645977614228,0.02137769808208547,0.20070309668678016,-0.8844151006006956,False
C4D4,5,2,0000,on,0,0.24,6.2,-0.2893318467921625,0.5872943362569223,0.6905142106004984,10.104953571392134,2.7743010082839983,0.9868383404958676,0.9858553566299352,0.013833532266806418,1.1401335897296199,-0.5474657573063761,False
C4D4,5,2,0000,on,1,0.08,6.2,-0.2917112099866691,0.5045823356513599,0.7897969186409567,14.896425696837605,4.0763453443546585,0.9781870987229299,0.9745341238492615,0.020477211783160525,1.741907538747421,-0.5856412753194707,False
C4D4,5,2,0000,on,2,0.4,6.2,-0.2880743436567564,0.668097863672916,0.6304833194824394,8.306371386768685,2.660819060802602,0.9872303296042607,0.9839813799960091,0.012527617204845081,0.9265828469832188,-0.5261366958295294,False
C4D4,5,2,0000,on,3,0.8,6.2,-0.28573044936274816,1.183392962558749,0.47914283878436564,4.0618885218976715,2.0671440713898623,0.9909665566238206,0.9635752448144811,0.008164690967297826,0.4402165953732834,-0.4645086340520533,False
C4D4,5,2,0000,on,4,0.24,4.8,-0.2926161137025376,0.5832714605923526,0.7093016171696087,11.042371843912955,3.03658940977194,0.9870203413705938,0.9860641577951713,0.017019176248308,1.6734379397562709,-0.6567728458618087,False
C4D4,5,2,0000,on,5,0.24,5.6,-0.2904094228808637,0.5859111924465088,0.6966954072136169,10.493469814224406,2.8809676046824015,0.9868872015689173,0.9859243110875444,0.014938817209126933,1.3177937326304336,-0.5882911618322743,False
C4D4,5,2,0000,off,0,0.2,11.8,0.0674298352583965,-0.3375753984020098,4.426972780880594,0.8532473996941542,0.2804492263479263,0.9998917453373106,0.9350839431029585,0.009313537663303138,0.23410804440720884,0.9295080320427959,False
C4D4,5,2,0000,off,1,0.08,11.8,0.06670061194308646,-0.3381351931659468,4.387961483102671,1.1341447595876955,0.3577044316403752,0.9998201181580488,0.9587195335797947,0.011674219645074316,0.3000047267686903,0.9265149356135869,False
C4D4,5,2,0000,off,2,0.4,11.8,0.06823215925206594,-0.33689298809058854,4.47076400673025,0.5947711561855993,0.20732375085086877,0.9999419157422711,0.8728770606244611,0.007091776092818166,0.17221942283202013,0.9335696865787813,False
C4D4,5,2,0000,off,3,0.8,11.8,0.06910912937862917,-0.3359940290191797,4.520350546300714,0.39382209570493637,0.15298887897852767,0.9999691027254416,0.7255680432382666,0.0055162701876569995,0.1255940216094414,0.9400279115153417,False
C4D4,5,2,0000,off,4,0.2,8.0,0.06361663715485334,-0.33482028457507357,4.319794682711734,0.8603208030587143,0.31756589618386477,0.9998689303739923,0.9476182688169787,0.016485211697899096,0.5539556406784957,0.9688876014668115,False
C4D4,5,2,0000,off,5,0.2,10.0,0.06558683090411807,-0.33633273525762813,4.371796608200934,0.8237538263445524,0.28254460543707627,0.9998932597051144,0.937975300485825,0.0112084966167302,0.3207079206051275,0.9499288572583566,False
C4D4,5,2,1111,on,0,0.24,6.2,0.1953868509112785,-0.3287061881486831,0.2940398135543026,0.8809055548743361,0.6676138524988181,0.9983446934242786,0.7289162682726604,0.0019999743154437274,0.08138980612948991,0.3311497487745385,False
C4D4,5,2,1111,on,1,0.08,6.2,0.19608553326768038,-0.21807926970385996,0.3892431548106828,4.49906184901008,3.221967062433256,0.977350871405735,0.867106065591453,0.009798085213089057,0.4254909657311392,0.381953107188664,False
C4D4,5,2,1111,on,2,0.4,6.2,0.19526631311488182,-0.38069559536014624,0.273575824615194,0.5827705999055329,0.7080251318029006,0.9979536998736651,0.6943106784573415,0.0020980582139605267,0.054305702920496496,0.3230599131840975,False
C4D4,5,2,1111,on,3,0.8,6.2,0.19537130613162296,-0.19765996951350592,0.3361213323794408,0.5154663389451873,2.7275415972635946,0.9716115300326403,0.6463815629396179,0.010128274970587308,0.05178117900362639,0.37733443066270694,False
C4D4,5,2,1111,on,4,0.24,4.8,0.1952634847461039,-0.32958290269026125,0.29306947041323,0.9760996693927724,0.7402106227708501,0.998386071094487,0.7409004699112823,0.0022686773086578868,0.10751706851503737,0.384395186955779,False
C4D4,5,2,1111,on,5,0.24,5.6,0.19533843816835908,-0.3290502305195423,0.29365821903321937,0.9157203967876592,0.694422902132357,0.9983693917638922,0.7373192554454581,0.0020962007474971465,0.09056013221289227,0.3511003498354928,False
C4D4,5,2,1111,off,0,0.2,11.8,0.07869535610854124,0.10830915587028915,3.126510077431994,1.0186456214333763,0.9763519266607253,0.9984687076887147,0.9502151154383659,0.01974803477290845,0.1659729619761717,-0.8545928372222478,False
C4D4,5,2,1111,off,1,0.08,11.8,0.0789899952350209,0.10915916677148069,3.0720831789851313,1.1394656186183854,1.0339783717197175,0.9982447167717439,0.9594304548712032,0.02035642964760096,0.178073536920683,-0.8465734646131002,False
C4D4,5,2,1111,off,2,0.4,11.8,0.07824963556364554,0.1069460073075441,3.2116485446217444,0.8465691931505799,0.881980145642516,0.9987811394374785,0.9285364346485153,0.018720943183175826,0.14772820795590538,-0.8667080907613143,False
C4D4,5,2,1111,off,3,0.8,11.8,0.07748429397124472,0.10436862558120469,3.366800578312773,0.5734043721879992,0.6965985722676028,0.999266473266746,0.8418460846416247,0.01629529644608571,0.11459569324221205,-0.8873087718982825,False
C4D4,5,2,1111,off,4,0.2,8.0,0.08187463263572436,0.1069008481503278,2.879184929599626,0.9497171233100317,0.9824276705479299,0.9986073516951367,0.9509946775372345,0.025944130979890623,0.30171616159035075,-0.9242261573448313,False
C4D4,5,2,1111,off,5,0.2,10.0,0.07989592124399954,0.10786860667016696,3.0252880574597643,0.9855117243223461,0.9656819240250444,0.9985615707045138,0.9496010726971916,0.02186369405049009,0.21144219850047272,-0.8892823496449105,False
C4D4,5,3,0000,on,0,0.24,6.2,-0.2875136956063155,0.5945158645483728,0.6678925818987757,9.969436954327227,2.742917389744944,0.986894763886995,0.9850868368724238,0.013301847631844872,1.1097125356592972,-0.5361980989063913,False
C4D4,5,3,0000,on,1,0.08,6.2,-0.2898449050908723,0.5071464408110409,0.7670910879294506,14.906763681860587,4.084953940212689,0.9778308926189695,0.9736944925738241,0.019967968347792124,1.7185521579139527,-0.5750690378963371,False
C4D4,5,3,0000,on,2,0.4,6.2,-0.28627236444188453,0.6819947556354193,0.6073544381782727,8.060816883923984,2.6085531385592162,0.9875486059515971,0.9815327429699723,0.011873229390191883,0.8869883619590498,-0.514069135640051,False
C4D4,5,3,0000,on,3,0.8,6.2,-0.28405718117136397,1.229511859154744,0.4605106885192651,3.9198804570232992,2.055688765698338,0.9907959658079536,0.9645240742844245,0.007904970599918907,0.42036824288630964,-0.45354802537632544,False
C4D4,5,3,0000,on,4,0.24,4.8,-0.2909854346491272,0.5899762981592322,0.6871782508353232,10.786886180724835,2.967824343727569,0.987396991653599,0.9850852590481219,0.016128330623178054,1.6010805479163033,-0.644396758612745,False
C4D4,5,3,0000,on,5,0.24,5.6,-0.2885433842593275,0.5931138879193224,0.6736097731894141,10.354738143071993,2.8489263184075297,0.9869542253675756,0.9851393121577484,0.01433432231573126,1.279056303849592,-0.5760458313841123,False
C4D4,5,3,0000,off,0,0.2,11.8,0.06919514569533583,-0.3424276890861928,4.5596067562324185,0.7994738446288513,0.2603208327193062,0.9999072239834831,0.9470940585483677,0.009076545240089535,0.23034142421277692,0.9339001233874143,False
C4D4,5,3,0000,off,1,0.08,11.8,0.06842556530830819,-0.3429275534670653,4.519252632028725,1.0953830344687043,0.34258835314583547,0.9998359777982976,0.9676025119866762,0.011731761164589469,0.3041260696356264,0.9310766024411222,False
C4D4,5,3,0000,off,2,0.4,11.8,0.0700180136324572,-0.34183136596199676,4.603595195080398,0.5329424778318589,0.1842330143995244,0.9999545802610121,0.8943126390415788,0.006601152357750072,0.16206727396445772,0.9376879742026062,False
C4D4,5,3,0000,off,3,0.8,11.8,0.07075804982420038,-0.3411838611074227,4.6444340372835065,0.3790196689398452,0.14548076192357437,0.999972270625539,0.8083033561510842,0.005482379279844643,0.12657613867672662,0.9434878587378304,False
C4D4,5,3,0000,off,4,0.2,8.0,0.06381081649555076,-0.33841356837046604,4.410612338226132,0.7281217989663573,0.2675343975016034,0.9999070762261177,0.9210047380630726,0.014428686630947943,0.4871064298102917,0.9702735842854617,False
C4D4,5,3,0000,off,5,0.2,10.0,0.06740284376675212,-0.3411866974447865,4.506174854186483,0.778652474119731,0.26507164684265594,0.9999064352286592,0.9370729779908492,0.011081679441753244,0.319632605113621,0.9531582347637412,False
C4D4,5,3,1111,on,0,0.24,6.2,0.1980490840900929,-0.3244133974754872,0.3008084589314477,0.9081309828508212,0.669399698888195,0.9982942660060946,0.9134506674408148,0.0020773655004386517,0.08414343127042474,0.3353502750601109,False
C4D4,5,3,1111,on,1,0.08,6.2,0.19877318186867732,-0.21917435785033795,0.39544470144866234,4.441774498238284,3.1257932411706606,0.9785502034786124,0.861329994707346,0.009684469253015202,0.42121886690353033,0.38542544154657926,False
C4D4,5,3,1111,on,2,0.4,6.2,0.19798385881444644,-0.3477514553057924,0.29028172620126275,0.8462440197571186,1.0059990668579373,0.9958653613849268,0.9546989214247825,0.0031689139067413523,0.07942279801192746,0.3338062354597841,False
C4D4,5,3,1111,on,3,0.8,6.2,0.19820360244146043,-0.1505354140967737,0.39209187775494747,0.7576025092882547,3.443268008333185,0.9538371223642295,0.9332054399734528,0.015263827377016655,0.07829494724508962,0.41237453651464523,False
C4D4,5,3,1111,on,4,0.24,4.8,0.19788637218607286,-0.32558062568790364,0.2994664958554162,0.9732552254737704,0.7174039507256034,0.9984413253315582,0.906814105022603,0.0022790974574354857,0.10761048115661186,0.38918043346663556,False
C4D4,5,3,1111,on,5,0.24,5.6,0.19796098681192853,-0.32504533631103893,0.30008032913731847,0.9288969351401958,0.6847066562237949,0.9983710023238807,0.908778289120539,0.0021415249374821324,0.09214613375931938,0.35538498641018623,False
C4D4,5,3,1111,off,0,0.2,11.8,0.0802927074007852,0.11013361551754594,2.994854384787531,1.2183188284139692,1.1345683151374155,0.9978568099773205,0.9724609487091244,0.02186839174762404,0.18769091310859207,-0.8420800469656695,False
C4D4,5,3,1111,off,1,0.08,11.8,0.08064669357979741,0.11129269925364754,2.9295010439929343,1.3805804571421567,1.2123956956587445,0.997495200362864,0.9779554666556767,0.022624918095736846,0.2031413744809352,-0.8322028995620008,False
C4D4,5,3,1111,off,2,0.4,11.8,0.07975133780839709,0.10827266381642783,3.098557174445663,0.979541279570807,0.9961991742531219,0.9983878284697398,0.9580231447880424,0.020355216977910224,0.16282347244019715,-0.8569550091278615,False
C4D4,5,3,1111,off,3,0.8,11.8,0.0788004959518643,0.1047783040425278,3.29240080281923,0.5332818159497879,0.6452422222255066,0.9993633699202188,0.8671783033038648,0.014639957686867176,0.10318089727725234,-0.8820234694872824,False
C4D4,5,3,1111,off,4,0.2,8.0,0.08373232985679759,0.10879030081456365,2.7344684230814322,1.16181771646487,1.1618855949832145,0.997990730783308,0.9654959207571367,0.028544229577353364,0.339836023770956,-0.9153230043302898,False
C4D4,5,3,1111,off,5,0.2,10.0,0.08157788345893055,0.10973332314501627,2.8892023661711037,1.1918929479863867,1.1395559630065064,0.9979534509179019,0.9696152225713197,0.02421282380063161,0.2392570203888564,-0.8783364679290449,False
C4D4,5,4,0000,on,0,0.24,6.2,-0.2852759399687338,0.5797055820920551,0.6702734982228467,9.374487485794623,2.6240977484449943,0.9878625784846528,0.9852248764684519,0.012845491230494548,1.044962379776088,-0.5373895789615216,False
C4D4,5,4,0000,on,1,0.08,6.2,-0.28752327868625466,0.4970333445102717,0.7670404738521055,14.096992821653998,3.9191142659727958,0.9793262657720694,0.9723964862045241,0.019266582811372248,1.6251453812665846,-0.5750453215476664,False
C4D4,5,4,0000,on,2,0.4,6.2,-0.284065939500115,0.6631491561163619,0.6104096761156339,7.511343043699447,2.4800421069067773,0.9886692219133412,0.9804086532190305,0.011381976301337119,0.828004393995145,-0.5156701946880783,False
C4D4,5,4,0000,on,3,0.8,6.2,-0.28187275187744637,1.180018479351275,0.46439959452521207,3.267771415199234,1.7425855275218665,0.993283084511971,0.95658301327204,0.006804388300982551,0.3512023462614812,-0.4558438537138255,False
C4D4,5,4,0000,on,4,0.24,4.8,-0.2883801357784455,0.5756147969614853,0.6880456606953185,10.19822020159629,2.8546762380030737,0.9881756036226192,0.9853790296990522,0.01564005404677051,1.5149295122987383,-0.6448877382385121,False
C4D4,5,4,0000,on,5,0.24,5.6,-0.28615164854318426,0.5784989775510737,0.6752964434966637,9.762810591035423,2.7327967880112283,0.9878408064171942,0.9853618005351932,0.013872064921326949,1.2073817406067253,-0.5769466612570239,False
C4D4,5,4,0000,off,0,0.2,11.8,0.06571995993926551,-0.33207123914248565,4.5165523138640875,0.8270995666924255,0.27747074274960426,0.999894573926639,0.948174701530643,0.009516790507241435,0.2345716631151522,0.9325175546333974,False
C4D4,5,4,0000,off,1,0.08,11.8,0.0649439821090499,-0.33260543352376487,4.474512672091471,1.126673274883671,0.36247611690654963,0.9998158935745597,0.9669543250406336,0.012216510280588315,0.30772273283471163,0.9295676966645482,False
C4D4,5,4,0000,off,2,0.4,11.8,0.06653154925159133,-0.3314504534497013,4.561390454689248,0.5741926810863689,0.2040608971943434,0.9999439769435678,0.8997942114893187,0.00721373168050886,0.17192998285279518,0.9364194957276971,False
C4D4,5,4,0000,off,3,0.8,11.8,0.06742233770575241,-0.3306238922257551,4.612328451656896,0.3741804132091955,0.14783446830055624,0.9999712164646845,0.77951846335023,0.005517318015272568,0.12348790767591013,0.9426204736487386,False
C4D4,5,4,0000,off,4,0.2,8.0,0.06141916460136432,-0.3288587514133541,4.395007480812281,0.849251969733716,0.3208883296367496,0.9998663958451501,0.9505099294938503,0.017187479229205847,0.564447031654798,0.9700420379825833,False
C4D4,5,4,0000,off,5,0.2,10.0,0.06450384647199255,-0.33123164602883515,4.479403302900842,0.8451894022882733,0.29617700600564445,0.999883266781479,0.9513293912402152,0.012245662007231553,0.3433360225818139,0.9525393895160985,False
C4D4,5,4,1111,on,0,0.24,6.2,0.19794562025239584,-0.33750105150716464,0.2767739748698014,0.8012294648715932,0.6208176442404242,0.9984809954961211,0.8746679273087167,0.0018025877374284553,0.07350027615671917,0.32028576650290436,False
C4D4,5,4,1111,on,1,0.08,6.2,0.19858963119560044,-0.22029976768968348,0.367904027959338,4.462876272323661,3.219392711074553,0.9765385180561506,0.8551403998972015,0.009419116681066493,0.4181783145683119,0.3698827721559027,False
C4D4,5,4,1111,on,2,0.4,6.2,0.19783849646444848,-0.39744141188304094,0.256589769478813,0.5387261875000239,0.696725983411053,0.997936337697721,0.8919235400858732,0.0019756750264197224,0.04984338992283785,0.3119027495941988,False
C4D4,5,4,1111,on,3,0.8,6.2,0.1977993081344293,-0.48042661199801445,0.24149183767455937,0.531802515998965,3.0986822493576764,0.9563898901277562,0.9011910287590482,0.009061946100167919,0.05109389332171966,0.3138050128219316,False
C4D4,5,4,1111,on,4,0.24,4.8,0.19826554158429266,-0.335029679109534,0.27918866921782143,0.7038074623316481,0.5453320302362935,0.9990807697370754,0.8349542258609627,0.0016291057490016394,0.07689729883781517,0.37391033798790974,False
C4D4,5,4,1111,on,5,0.24,5.6,0.19808646596807689,-0.3364125031311702,0.2778318049778012,0.7595744044695055,0.5885420008657001,0.9987620485883987,0.8543847305075574,0.00172676045172679,0.0745570159507395,0.34041384406046876,False
C4D4,5,4,1111,off,0,0.2,11.8,0.0819796002818388,0.10707990544891975,3.084334592347985,0.8954800165964607,0.8771848614129746,0.9987844982989286,0.9595069278338811,0.01722455138739607,0.14331448299080576,-0.8507203829688968,False
C4D4,5,4,1111,off,1,0.08,11.8,0.08222930235615035,0.10783240798574104,3.0373146320416806,0.9994234640131714,0.9246041332560622,0.9986122938391119,0.9650538126976185,0.017782852441292508,0.1539139889720814,-0.8432098668933162,False
C4D4,5,4,1111,off,2,0.4,11.8,0.08162045102478872,0.10592014066211249,3.1542997891784434,0.7644261243059004,0.8082553884469584,0.9989802445074034,0.9437005753556431,0.016642484634751726,0.1301522250848958,-0.8618696306978492,False
C4D4,5,4,1111,off,3,0.8,11.8,0.08102436366093063,0.10377215872590814,3.277359472319407,0.5756212034699529,0.7159131029795139,0.9992421080682834,0.9056619105638827,0.01585681838526744,0.1106430021480937,-0.8809161581603739,False
C4D4,5,4,1111,off,4,0.2,8.0,0.08520712260621659,0.10570466099583373,2.830953289526471,0.6548730532524321,0.6915140408083229,0.9993227211829891,0.9241442585547153,0.017569411494549245,0.20244724534898448,-0.9214085321542381,False
C4D4,5,4,1111,off,5,0.2,10.0,0.08339028266247296,0.10657134846685874,2.9655093350264266,0.7547583040496201,0.7572542283741718,0.9991327027297775,0.9452741560174024,0.01643004209386906,0.15728705242341223,-0.8846383897829695,False
C4D4,5,5,0000,on,0,0.24,6.2,-0.2858681136446227,0.5797022234010947,0.6864376825318478,9.58240286322314,2.6600792657144803,0.9877401064602854,0.9866289457346722,0.013257291630397539,1.0785167787170464,-0.545444091053544,False
C4D4,5,5,0000,on,1,0.08,6.2,-0.28816855281539144,0.4992713473770566,0.7834825243247899,14.244353825100381,3.937013608126507,0.9794604075942221,0.9734767677815204,0.019675001188219236,1.6590528202490984,-0.5827148004798505,False
C4D4,5,5,0000,on,2,0.4,6.2,-0.28467624844211226,0.6565391362400206,0.6287343402254197,7.911671545513704,2.584156702995677,0.9879283519023004,0.9840463877722827,0.012139029285855581,0.8816327996713729,-0.5252284503513419,False
C4D4,5,5,0000,on,3,0.8,6.2,-0.2824626002012941,1.1334123421125986,0.48322390410994903,4.080988333620271,2.139653886406481,0.9904054972955445,0.9684822043899491,0.008492583752386798,0.4433222675983464,-0.4668964829933979,False
C4D4,5,5,0000,on,4,0.24,4.8,-0.28905390661254365,0.5756990182973926,0.7049152638419195,10.447036664608003,2.9001019907375594,0.9879707639531947,0.98685471451487,0.016251638196202373,1.5766564530373164,-0.6543435244207311,False
C4D4,5,5,0000,on,5,0.24,5.6,-0.28687456793416644,0.5783757544119575,0.6922934028176763,9.953763534437902,2.763169152009235,0.9877772156685298,0.9867181957739586,0.014311385249195249,1.2460489957901428,-0.585970459366788,False
C4D4,5,5,0000,off,0,0.2,11.8,0.06773307102139872,-0.3355569462551758,4.442547136412916,0.9457714792125683,0.31156148193207134,0.9998653295410745,0.9622070328671141,0.010451522471088132,0.2609991636897914,0.9300445852957369,False
C4D4,5,5,0000,off,1,0.08,11.8,0.06684687756173982,-0.33622522648584763,4.394917070659901,1.3051289446160341,0.4119062392477065,0.9997590283903449,0.9766629723494779,0.013549333137361518,0.3461273452833615,0.9267670070454468,False
C4D4,5,5,0000,off,2,0.4,11.8,0.06865783527004943,-0.33479083856163383,4.493249746312308,0.6354258288442121,0.22280354353818518,0.9999328436244839,0.9298190424317605,0.007692674617417715,0.18553532389971553,0.9342932980951603,False
C4D4,5,5,0000,off,3,0.8,11.8,0.06958301197453823,-0.33387007707248006,4.545786668688727,0.4334227888372882,0.16943654728871546,0.9999621094695126,0.8627166283199521,0.006169573837569598,0.1395447298389658,0.9407612823676417,False
C4D4,5,5,0000,off,4,0.2,8.0,0.06174989844123393,-0.33121059953537146,4.274336161597222,0.8499633028940771,0.3154550663090301,0.9998699713943788,0.947272971953636,0.016099938315179026,0.5367796556482709,0.9681576115953722,False
C4D4,5,5,0000,off,5,0.2,10.0,0.0655974145869583,-0.33411504569791306,4.378113679628028,0.9093870275853051,0.3129903053343746,0.9998681278639859,0.9562753926635787,0.012490818650169835,0.35493844858078694,0.9500877705725104,False
C4D4,5,5,1111,on,0,0.24,6.2,0.20027419584444686,-0.35931222461968626,0.28184697209342136,0.9042018175864656,0.6500073591773536,0.9983727618739229,0.5870985660576276,0.0019001784887782067,0.08312011282439179,0.3235009111102545,False
C4D4,5,5,1111,on,1,0.08,6.2,0.20101667334065187,-0.22740279732316898,0.3822830741326524,5.013758334295316,3.4927608688653193,0.9736306150000464,0.8653553389700797,0.010399087406337274,0.4727285186637182,0.37803749384031715,False
C4D4,5,5,1111,on,2,0.4,6.2,0.20015156833190978,-0.42338949603298476,0.2609222667198198,0.5928220179131065,0.6963027519899025,0.9979407117566215,0.37125471935927684,0.002006989967516587,0.05494805615347199,0.3147720773895455,False
C4D4,5,5,1111,on,3,0.8,6.2,0.20012274909719285,-0.46802687741050275,0.25183939841266295,0.4913933265418539,2.5398735797808825,0.9708006600166668,0.7020554540415463,0.007675973800871885,0.047433032494312743,0.3211030465096373,False
C4D4,5,5,1111,on,4,0.24,4.8,0.2002943849284643,-0.3591607907738595,0.2819896371355706,1.0137927191525553,0.728789430979623,0.9983836821287245,0.5957223424559052,0.002183018732093599,0.11094641257627799,0.37603770324425345,False
C4D4,5,5,1111,on,5,0.24,5.6,0.2003141574747309,-0.35901250287886627,0.2821294957921527,0.9418617511504235,0.6770801138285707,0.9983947681813612,0.5892423578564815,0.0019973448088582467,0.09263703454247588,0.343334465261243,False
C4D4,5,5,1111,off,0,0.2,11.8,0.08062329196840744,0.11277789694389578,3.1187150505879235,1.1284208098172028,1.0301140142898066,0.9982660675941459,0.8160612642835187,0.020934787731531086,0.18325192733652954,-0.8538864845592278,False
C4D4,5,5,1111,off,1,0.08,11.8,0.08093493263951433,0.1136832990308942,3.0633979016415136,1.2498271780450783,1.0858518205179475,0.9980521773666369,0.8509458008439669,0.021352671428550768,0.19460666711122665,-0.8457414704950696,False
C4D4,5,5,1111,off,2,0.4,11.8,0.08019033129931699,0.11144758799403424,3.198086717948856,0.9846455764469173,0.9729257209952146,0.9984798967706281,0.7639215602748967,0.020770550047737858,0.17082749030366381,-0.8655833180827325,False
C4D4,5,5,1111,off,3,0.8,11.8,0.0794817232522086,0.10903849420206325,3.335696504614892,0.7973487910136307,0.919449791570132,0.9986953507669949,0.6481026591713933,0.0214128610829993,0.15721273855752574,-0.8851373430086773,False
C4D4,5,5,1111,off,4,0.2,8.0,0.08472993498859101,0.11095881536880144,2.815422024634175,0.8959858543100858,0.8882971142494738,0.9988501158992079,0.6452520544442528,0.022683791788650855,0.2745474863718459,-0.9204704411754355,False
C4D4,5,5,1111,off,5,0.2,10.0,0.08198273054542099,0.11229147501260368,3.0083784758713072,1.0700586573764979,1.010912911797681,0.9984341629678432,0.7853902114846576,0.022605326556577515,0.22770316849954683,-0.8879938268976507,False
