device,internal_device,mask,cycle,time_from_light_on_s,measured_V,single_exponential_fit_V,inside_primary_fit_window
Device 4,C4D3,0000,1,0.0199999999999995,0.0770915716,0.2993591514407797,False
Device 4,C4D3,0000,1,0.0600000000000022,0.076984459,0.261927622155003,False
Device 4,C4D3,0000,1,0.1000000000000014,0.0769804322,0.2274494983888965,False
Device 4,C4D3,0000,1,0.1400000000000005,0.0771761342,0.19569175188178894,False
Device 4,C4D3,0000,1,0.1799999999999997,0.076986875,0.16643974066297795,False
Device 4,C4D3,0000,1,0.2199999999999988,0.0766486247,0.13949575834502792,False
Device 4,C4D3,0000,1,0.2600000000000015,0.0759858151,0.11467769788007048,False
Device 4,C4D3,0000,1,0.3000000000000007,0.0698642895,0.09181782074780859,True
Device 4,C4D3,0000,1,0.3399999999999998,0.0569181622,0.07076162325646876,True
Device 4,C4D3,0000,1,0.379999999999999,0.0440799549,0.051366792294381264,True
Device 4,C4D3,0000,1,0.4200000000000017,0.031517987,0.03350224347436348,True
Device 4,C4D3,0000,1,0.4600000000000008,0.0190663546,0.017047235170006808,True
Device 4,C4D3,0000,1,0.5,0.0083615438,0.0018905524558556763,True
Device 4,C4D3,0000,1,0.5399999999999991,-0.0019115946,-0.012070244564017257,True
Device 4,C4D3,0000,1,0.5800000000000018,-0.0120083591,-0.02492951311940747,True
Device 4,C4D3,0000,1,0.620000000000001,-0.0226567927,-0.03677416550882548,True
Device 4,C4D3,0000,1,0.6600000000000001,-0.0332206632,-0.047684256516089735,True
Device 4,C4D3,0000,1,0.6999999999999993,-0.0438256064,-0.05773352447883129,True
Device 4,C4D3,0000,1,0.740000000000002,-0.0536082797,-0.06698988966586332,True
Device 4,C4D3,0000,1,0.7800000000000011,-0.0623834509,-0.07551591333180097,True
Device 4,C4D3,0000,1,0.8200000000000003,-0.0718294846,-0.0833692205515698,True
Device 4,C4D3,0000,1,0.8599999999999994,-0.0806876075,-0.0906028896926102,True
Device 4,C4D3,0000,1,0.9000000000000021,-0.0896367357,-0.09726581115712725,True
Device 4,C4D3,0000,1,0.9400000000000012,-0.0974301766,-0.10340301781901906,True
Device 4,C4D3,0000,1,0.9800000000000004,-0.1047999997,-0.10905598938882619,True
Device 4,C4D3,0000,1,1.0199999999999996,-0.1122793515,-0.1142629327638106,True
Device 4,C4D3,0000,1,1.0600000000000025,-0.1196016588,-0.11905904025798317,True
Device 4,C4D3,0000,1,1.1000000000000014,-0.1265277306,-0.1234767274573802,True
Device 4,C4D3,0000,1,1.1400000000000006,-0.1329504543,-0.12754585230819537,True
Device 4,C4D3,0000,1,1.1799999999999995,-0.1388062067,-0.13129391691851489,True
Device 4,C4D3,0000,1,1.2200000000000024,-0.1438388841,-0.13474625343758648,True
Device 4,C4D3,0000,1,1.2600000000000016,-0.1481217741,-0.13792619526892458,True
Device 4,C4D3,0000,1,1.3000000000000007,-0.1525278839,-0.14085523477444017,True
Device 4,C4D3,0000,1,1.34,-0.1562180311,-0.14355316853546787,True
Device 4,C4D3,0000,1,1.379999999999999,-0.1587404102,-0.1460382311524746,True
Device 4,C4D3,0000,1,1.4200000000000017,-0.1614190288,-0.14832721848776512,True
Device 4,C4D3,0000,1,1.4600000000000009,-0.1638447651,-0.15043560118414573,True
Device 4,C4D3,0000,1,1.5,-0.1648281065,-0.1523776292267926,True
Device 4,C4D3,0000,1,1.5399999999999991,-0.1661311747,-0.15416642825502458,True
Device 4,C4D3,0000,1,1.5800000000000018,-0.1673480697,-0.15581408827492976,True
Device 4,C4D3,0000,1,1.620000000000001,-0.1678337002,-0.15733174537242758,True
Device 4,C4D3,0000,1,1.66,-0.1686108701,-0.15872965697904548,True
Device 4,C4D3,0000,1,1.6999999999999993,-0.1690079113,-0.160017271199108,True
Device 4,C4D3,0000,1,1.740000000000002,-0.1695579704,-0.1612032906669044,True
Device 4,C4D3,0000,1,1.7800000000000011,-0.1698237384,-0.16229573136542627,True
Device 4,C4D3,0000,1,1.8200000000000005,-0.1700186349,-0.16330197680421696,True
Device 4,C4D3,0000,1,1.86,-0.1706121833,-0.16422882792250382,True
Device 4,C4D3,0000,1,1.900000000000002,-0.1709552655,-0.16508254905489675,True
Device 4,C4D3,0000,1,1.9400000000000013,-0.1710865388,-0.16586891027032188,True
Device 4,C4D3,0000,1,1.9800000000000004,-0.1711960674,-0.16659322637034824,True
Device 4,C4D3,0000,1,2.020000000000003,-0.1715431765,-0.16726039281048583,True
Device 4,C4D3,0000,1,2.0600000000000023,-0.1720320284,-0.16787491878723762,True
Device 4,C4D3,0000,1,2.1000000000000014,-0.1724355125,-0.1684409577145328,True
Device 4,C4D3,0000,1,2.140000000000001,-0.1728164465,-0.1689623352955213,True
Device 4,C4D3,0000,1,2.18,-0.1727479912,-0.16944257537946109,True
Device 4,C4D3,0000,1,2.219999999999999,-0.1731699984,-0.16988492377845676,True
Device 4,C4D3,0000,1,2.259999999999998,-0.1731337574,-0.17029237020502072,True
Device 4,C4D3,0000,1,2.299999999999997,-0.1732159038,-0.1706676684787268,True
Device 4,C4D3,0000,1,2.3400000000000034,-0.1733906664,-0.17101335513852794,True
Device 4,C4D3,0000,1,2.3800000000000026,-0.1732473128,-0.17133176658653262,True
Device 4,C4D3,0000,1,2.4200000000000017,-0.1733705324,-0.17162505487911175,True
Device 4,C4D3,0000,1,2.460000000000001,-0.1733536199,-0.17189520227206206,True
Device 4,C4D3,0000,1,2.5,-0.1730363091,-0.17214403461813377,True
Device 4,C4D3,0000,1,2.539999999999999,-0.1734615378,-0.17237323370747293,True
Device 4,C4D3,0000,1,2.5799999999999983,-0.1734502628,-0.17258434863438343,True
Device 4,C4D3,0000,1,2.619999999999997,-0.1729606055,-0.1727788062672341,True
Device 4,C4D3,0000,1,2.660000000000004,-0.173020202,-0.17295792089227402,True
Device 4,C4D3,0000,1,2.700000000000003,-0.1728349698,-0.17312290309653547,True
Device 4,C4D3,0000,1,2.740000000000002,-0.1730822145,-0.17327486794986285,True
Device 4,C4D3,0000,1,2.780000000000001,-0.1733528146,-0.17341484254136613,True
Device 4,C4D3,0000,1,2.8200000000000003,-0.173356036,-0.17354377292123696,True
Device 4,C4D3,0000,1,2.8599999999999994,-0.1733044931,-0.17366253049484448,True
Device 4,C4D3,0000,1,2.8999999999999986,-0.1733197949,-0.1737719179123273,True
Device 4,C4D3,0000,1,2.9399999999999977,-0.1736548236,-0.17387267449348734,True
Device 4,C4D3,0000,1,2.980000000000004,-0.1737426076,-0.17396548122465144,True
Device 4,C4D3,0000,1,3.020000000000003,-0.1734687861,-0.1740509653612726,True
Device 4,C4D3,0000,1,3.0600000000000023,-0.1741549506,-0.17412970466737898,True
Device 4,C4D3,0000,1,3.1000000000000014,-0.1740099863,-0.17420223132052393,True
Device 4,C4D3,0000,1,3.140000000000001,-0.1740220666,-0.17426903550862913,True
Device 4,C4D3,0000,1,3.18,-0.1744110543,-0.17433056874303163,True
Device 4,C4D3,0000,1,3.219999999999999,-0.1742548149,-0.17438724691012603,True
Device 4,C4D3,0000,1,3.259999999999998,-0.1739077059,-0.17443945308222758,True
Device 4,C4D3,0000,1,3.299999999999997,-0.1739971005,-0.17448754010665368,True
Device 4,C4D3,0000,1,3.3400000000000034,-0.1738803237,-0.17453183299052305,True
Device 4,C4D3,0000,1,3.3800000000000026,-0.1742636738,-0.1745726310973903,True
Device 4,C4D3,0000,1,3.4200000000000017,-0.1741090452,-0.17461021017056289,True
Device 4,C4D3,0000,1,3.460000000000001,-0.1739391148,-0.17464482419677507,True
Device 4,C4D3,0000,1,3.5,-0.1738706594,-0.1746767071228152,True
Device 4,C4D3,0000,1,3.539999999999999,-0.1736902594,-0.17470607443670835,True
Device 4,C4D3,0000,1,3.5799999999999983,-0.1731546967,-0.17473312462414145,True
Device 4,C4D3,0000,1,3.619999999999997,-0.1729573841,-0.1747580405099738,True
Device 4,C4D3,0000,1,3.660000000000004,-0.1727004751,-0.17478099049390072,True
Device 4,C4D3,0000,1,3.700000000000003,-0.172731884,-0.17480212968862138,True
Device 4,C4D3,0000,1,3.740000000000002,-0.1723823589,-0.1748216009682031,True
Device 4,C4D3,0000,1,3.780000000000001,-0.1722583338,-0.17483953593372847,True
Device 4,C4D3,0000,1,3.82,-0.1726489322,-0.1748560558027513,True
Device 4,C4D3,0000,1,3.86,-0.1726932269,-0.17487127222857296,True
Device 4,C4D3,0000,1,3.899999999999999,-0.1724483982,-0.17488528805487683,True
Device 4,C4D3,0000,1,3.9399999999999977,-0.1725949732,-0.17489819801082063,True
Device 4,C4D3,0000,1,3.980000000000004,-0.1725031625,-0.1749100893512852,True
Device 4,C4D3,0000,1,4.020000000000003,-0.1729010091,-0.17492104244660628,True
Device 4,C4D3,0000,1,4.060000000000002,-0.1725820875,-0.174931131325776,True
Device 4,C4D3,0000,1,4.100000000000001,-0.1726722876,-0.1749404241767846,True
Device 4,C4D3,0000,1,4.140000000000001,-0.1724419553,-0.17494898380748436,True
Device 4,C4D3,0000,1,4.18,-0.1724878607,-0.17495686807009103,True
Device 4,C4D3,0000,1,4.219999999999999,-0.1730846306,-0.1749641302521911,True
Device 4,C4D3,0000,1,4.259999999999998,-0.1726892001,-0.1749708194368981,True
Device 4,C4D3,0000,1,4.300000000000004,-0.1728567144,-0.17497698083459207,True
Device 4,C4D3,0000,1,4.340000000000003,-0.1729364448,-0.1749826560884841,True
Device 4,C4D3,0000,1,4.380000000000003,-0.1730419466,-0.17498788355607164,True
Device 4,C4D3,0000,1,4.420000000000002,-0.172977518,-0.1749926985683863,True
Device 4,C4D3,0000,1,4.460000000000001,-0.1730024841,-0.1749971336687866,True
Device 4,C4D3,0000,1,4.5,-0.1727649037,-0.1750012188329099,True
Device 4,C4D3,0000,1,4.539999999999999,-0.1728776537,-0.17500498167126927,True
Device 4,C4D3,0000,1,4.579999999999998,-0.172754434,-0.17500844761586576,True
Device 4,C4D3,0000,1,4.619999999999997,-0.1727681251,-0.17501164009207618,True
Device 4,C4D3,0000,1,4.660000000000004,-0.172819668,-0.1750145806769789,True
Device 4,C4D3,0000,1,4.700000000000003,-0.1726738983,-0.17501728924518742,True
Device 4,C4D3,0000,1,4.740000000000002,-0.1726086643,-0.1750197841031776,True
Device 4,C4D3,0000,1,4.780000000000001,-0.1728406073,-0.17502208211301598,True
Device 4,C4D3,0000,1,4.82,-0.1727133608,-0.175024198806326,True
Device 4,C4D3,0000,1,4.859999999999999,-0.1727898697,-0.175026148489262,True
Device 4,C4D3,0000,1,4.899999999999999,-0.1724049089,-0.17502794433920071,True
Device 4,C4D3,0000,1,4.939999999999998,-0.1722422267,-0.17502959849380334,True
Device 4,C4D3,0000,1,4.980000000000004,-0.1723525607,-0.17503112213305094,True
Device 4,C4D3,0000,1,5.020000000000003,-0.1725394036,-0.17503252555480678,True
Device 4,C4D3,0000,1,5.060000000000002,-0.1729187269,-0.17503381824441677,True
Device 4,C4D3,0000,1,5.100000000000001,-0.1732142931,-0.1750350089388184,True
Device 4,C4D3,0000,1,5.140000000000001,-0.1731522806,-0.17503610568559122,True
Device 4,C4D3,0000,1,5.18,-0.1728977876,-0.1750371158973484,True
Device 4,C4D3,0000,1,5.219999999999999,-0.1733842235,-0.17503804640183643,True
Device 4,C4D3,0000,1,5.259999999999998,-0.1734252968,-0.17503890348808204,True
Device 4,C4D3,0000,1,5.300000000000004,-0.1737265004,-0.17503969294889807,True
Device 4,C4D3,0000,1,5.340000000000003,-0.1733810021,-0.1750404201200354,True
Device 4,C4D3,0000,1,5.380000000000003,-0.1733657003,-0.175041089916246,True
Device 4,C4D3,0000,1,5.420000000000002,-0.1730838252,-0.17504170686450024,True
Device 4,C4D3,0000,1,5.460000000000001,-0.1732215413,-0.1750422751345836,True
Device 4,C4D3,0000,1,5.5,-0.1732295949,-0.175042798567279,True
Device 4,C4D3,0000,1,5.539999999999999,-0.1728389965,-0.17504328070032563,True
Device 4,C4D3,0000,1,5.579999999999998,-0.1727415483,-0.17504372479232963,True
Device 4,C4D3,0000,1,5.619999999999997,-0.1726779251,-0.1750441338447881,True
Device 4,C4D3,0000,1,5.660000000000004,-0.1726787304,-0.17504451062237528,True
Device 4,C4D3,0000,1,5.700000000000003,-0.1728277215,-0.17504485767162845,True
Device 4,C4D3,0000,1,5.740000000000002,-0.1727165822,-0.17504517733815908,True
Device 4,C4D3,0000,1,5.780000000000001,-0.172452425,-0.17504547178250635,True
Device 4,C4D3,0000,1,5.82,-0.1724371232,-0.17504574299473946,True
Device 4,C4D3,0000,1,5.859999999999999,-0.1724113518,-0.1750459928079082,True
Device 4,C4D3,0000,1,5.899999999999999,-0.1723469232,-0.17504622291043176,True
Device 4,C4D3,0000,1,5.939999999999998,-0.1723227624,-0.1750464348575105,True
Device 4,C4D3,0000,1,5.980000000000004,-0.1725474572,-0.17504663008163718,True
Device 4,C4D3,0000,1,6.020000000000003,-0.1728502716,-0.17504680990227844,True
Device 4,C4D3,0000,1,6.060000000000002,-0.1732473128,-0.1750469755347932,True
Device 4,C4D3,0000,1,6.100000000000001,-0.1732279842,-0.1750471280986465,True
Device 4,C4D3,0000,1,6.140000000000001,-0.173076577,-0.17504726862497597,True
Device 4,C4D3,0000,1,6.18,-0.173590395,-0.1750473980635608,True
Device 4,C4D3,0000,1,6.219999999999999,-0.17455924,-0.17504751728924123,False
Device 4,C4D3,0000,1,6.259999999999998,-0.1744416578,-0.17504762710783117,False
Device 4,C4D3,0000,1,6.300000000000004,-0.173957638,-0.17504772826156462,False
Device 4,C4D3,0000,1,6.340000000000003,-0.174836283,-0.17504782143411216,False
Device 4,C4D3,0000,1,6.380000000000003,-0.1747114526,-0.17504790725520164,False
Device 4,C4D3,0000,2,0.0199999999999995,0.0766945301,0.2986314052824188,False
Device 4,C4D3,0000,2,0.0600000000000022,0.0766719801,0.26152015224534697,False
Device 4,C4D3,0000,2,0.1000000000000014,0.0764182923,0.22731176854367538,False
Device 4,C4D3,0000,2,0.1400000000000005,0.076235476,0.19577918961641796,False
Device 4,C4D3,0000,2,0.1799999999999997,0.0762024564,0.16671311205850234,False
Device 4,C4D3,0000,2,0.2199999999999988,0.0764384263,0.13992060433017103,False
Device 4,C4D3,0000,2,0.2600000000000015,0.0764448691,0.1152238261377084,False
Device 4,C4D3,0000,2,0.3000000000000007,0.0704111275,0.09245884798515472,True
Device 4,C4D3,0000,2,0.3399999999999998,0.0571750713,0.07147456306152608,True
Device 4,C4D3,0000,2,0.379999999999999,0.04484585,0.05213168424103254,True
Device 4,C4D3,0000,2,0.4200000000000017,0.0324973018,0.03430181953866024,True
Device 4,C4D3,0000,2,0.4600000000000008,0.0206843178,0.017866619884303214,True
Device 4,C4D3,0000,2,0.5,0.0094286423,0.0027169935586103533,True
Device 4,C4D3,0000,2,0.5399999999999991,-0.0013977767,-0.011247617923750508,True
Device 4,C4D3,0000,2,0.5800000000000018,-0.0121557395,-0.024119907289896464,True
Device 4,C4D3,0000,2,0.620000000000001,-0.0230119552,-0.03598531677408154,True
Device 4,C4D3,0000,2,0.6600000000000001,-0.0330934167,-0.04692260525655412,True
Device 4,C4D3,0000,2,0.6999999999999993,-0.042920385,-0.05700437104038737,True
Device 4,C4D3,0000,2,0.740000000000002,-0.0528947332,-0.06629753373633018,True
Device 4,C4D3,0000,2,0.7800000000000011,-0.0626588831,-0.07486377845426802,True
Device 4,C4D3,0000,2,0.8200000000000003,-0.0713551292,-0.08275996524971073,True
Device 4,C4D3,0000,2,0.8599999999999994,-0.0802953986,-0.09003850654306915,True
Device 4,C4D3,0000,2,0.9000000000000021,-0.0886461465,-0.0967477150169244,True
Device 4,C4D3,0000,2,0.9400000000000012,-0.0966127391,-0.10293212430051497,True
Device 4,C4D3,0000,2,0.9800000000000004,-0.1046904711,-0.10863278457005453,True
Device 4,C4D3,0000,2,1.0199999999999996,-0.111845264,-0.1138875350269711,True
Device 4,C4D3,0000,2,1.0600000000000025,-0.1187600606,-0.11873125506270267,True
Device 4,C4D3,0000,2,1.1000000000000014,-0.1257119037,-0.12319609577719584,True
Device 4,C4D3,0000,2,1.1400000000000006,-0.1317359756,-0.12731169338786313,True
Device 4,C4D3,0000,2,1.1799999999999995,-0.1369506636,-0.13110536594553082,True
Device 4,C4D3,0000,2,1.2200000000000024,-0.1423127321,-0.1346022946631245,True
Device 4,C4D3,0000,2,1.2600000000000016,-0.1467196471,-0.13782569106068995,True
Device 4,C4D3,0000,2,1.3000000000000007,-0.1505918049,-0.1407969510362118,True
Device 4,C4D3,0000,2,1.34,-0.1537278662,-0.1435357968848967,True
Device 4,C4D3,0000,2,1.379999999999999,-0.1571023134,-0.1460604082096062,True
Device 4,C4D3,0000,2,1.4200000000000017,-0.1597229462,-0.1483875425913796,True
Device 4,C4D3,0000,2,1.4600000000000009,-0.1620673414,-0.15053264682101944,True
Device 4,C4D3,0000,2,1.5,-0.1638391276,-0.15250995943006287,True
Device 4,C4D3,0000,2,1.5399999999999991,-0.165435346,-0.15433260520170386,True
Device 4,C4D3,0000,2,1.5800000000000018,-0.1665523766,-0.15601268228900272,True
Device 4,C4D3,0000,2,1.620000000000001,-0.1674447126,-0.15756134251864506,True
Device 4,C4D3,0000,2,1.66,-0.168973281,-0.15898886541328316,True
Device 4,C4D3,0000,2,1.6999999999999993,-0.1701265528,-0.16030472642379456,True
Device 4,C4D3,0000,2,1.740000000000002,-0.1707209065,-0.16151765982436406,True
Device 4,C4D3,0000,2,1.7800000000000011,-0.1712000942,-0.162635716687866,True
Device 4,C4D3,0000,2,1.8200000000000005,-0.1720497463,-0.16366631832637057,True
Device 4,C4D3,0000,2,1.86,-0.1725820875,-0.16461630555149398,True
Device 4,C4D3,0000,2,1.900000000000002,-0.1726674554,-0.1654919840815681,True
Device 4,C4D3,0000,2,1.9400000000000013,-0.1734824771,-0.16629916639702824,True
Device 4,C4D3,0000,2,1.9800000000000004,-0.1745552132,-0.16704321032184222,True
Device 4,C4D3,0000,2,2.020000000000003,-0.1742153524,-0.16772905458707124,True
Device 4,C4D3,0000,2,2.0600000000000023,-0.1743216596,-0.16836125161262325,True
Device 4,C4D3,0000,2,2.1000000000000014,-0.1743732025,-0.16894399772479404,True
Device 4,C4D3,0000,2,2.140000000000001,-0.1751519831,-0.16948116101016963,True
Device 4,C4D3,0000,2,2.18,-0.1756891565,-0.16997630699077623,True
Device 4,C4D3,0000,2,2.219999999999999,-0.175338826,-0.17043272229090126,True
Device 4,C4D3,0000,2,2.259999999999998,-0.1754749314,-0.17085343645267845,True
Device 4,C4D3,0000,2,2.299999999999997,-0.1753460742,-0.1712412420452416,True
Device 4,C4D3,0000,2,2.3400000000000034,-0.1754676832,-0.17159871320092598,True
Device 4,C4D3,0000,2,2.3800000000000026,-0.1757084851,-0.1719282227015541,True
Device 4,C4D3,0000,2,2.4200000000000017,-0.1754185564,-0.1722319577282204,True
Device 4,C4D3,0000,2,2.460000000000001,-0.1745672936,-0.17251193437911547,True
Device 4,C4D3,0000,2,2.5,-0.174237097,-0.17277001105175602,True
Device 4,C4D3,0000,2,2.539999999999999,-0.1740985756,-0.17300790077844672,True
Device 4,C4D3,0000,2,2.5799999999999983,-0.1741259577,-0.17322718259685346,True
Device 4,C4D3,0000,2,2.619999999999997,-0.1746083668,-0.17342931203116185,True
Device 4,C4D3,0000,2,2.660000000000004,-0.1749232616,-0.17361563075339198,True
Device 4,C4D3,0000,2,2.700000000000003,-0.1749474223,-0.17378737548899778,True
Device 4,C4D3,0000,2,2.740000000000002,-0.1743659542,-0.17394568622586448,True
Device 4,C4D3,0000,2,2.780000000000001,-0.1745552132,-0.17409161378119176,True
Device 4,C4D3,0000,2,2.8200000000000003,-0.1744561543,-0.17422612677648985,True
Device 4,C4D3,0000,2,2.8599999999999994,-0.1741976345,-0.17435011806698664,True
Device 4,C4D3,0000,2,2.8999999999999986,-0.1744497114,-0.17446441066812146,True
Device 4,C4D3,0000,2,2.9399999999999977,-0.1742677006,-0.17456976321846454,True
Device 4,C4D3,0000,2,2.980000000000004,-0.1741710577,-0.17466687501532266,True
Device 4,C4D3,0000,2,3.020000000000003,-0.1738046201,-0.17475639065645615,True
Device 4,C4D3,0000,2,3.0600000000000023,-0.1738303915,-0.1748389043187175,True
Device 4,C4D3,0000,2,3.1000000000000014,-0.1738311969,-0.17491496370201146,True
Device 4,C4D3,0000,2,3.140000000000001,-0.1741074345,-0.17498507366475602,True
Device 4,C4D3,0000,2,3.18,-0.174011597,-0.1750496995749747,True
Device 4,C4D3,0000,2,3.219999999999999,-0.1738972362,-0.17510927039926408,True
Device 4,C4D3,0000,2,3.259999999999998,-0.1743981685,-0.17516418155014007,True
Device 4,C4D3,0000,2,3.299999999999997,-0.1744650132,-0.17521479751066263,True
Device 4,C4D3,0000,2,3.3400000000000034,-0.1746413865,-0.17526145425376033,True
Device 4,C4D3,0000,2,3.3800000000000026,-0.1745656829,-0.17530446147231374,True
Device 4,C4D3,0000,2,3.4200000000000017,-0.174502865,-0.1753441046348,True
Device 4,C4D3,0000,2,3.460000000000001,-0.1742507881,-0.1753806468801433,True
Device 4,C4D3,0000,2,3.5,-0.1749023223,-0.17541433076434884,True
Device 4,C4D3,0000,2,3.539999999999999,-0.1746985669,-0.1754453798705139,True
Device 4,C4D3,0000,2,3.5799999999999983,-0.1743562899,-0.17547400029290242,True
Device 4,C4D3,0000,2,3.619999999999997,-0.1742379024,-0.17550038200493442,True
Device 4,C4D3,0000,2,3.660000000000004,-0.1739077059,-0.17552470012017016,True
Device 4,C4D3,0000,2,3.700000000000003,-0.1743482364,-0.1755471160546592,True
Device 4,C4D3,0000,2,3.740000000000002,-0.1744658186,-0.17556777859836978,True
Device 4,C4D3,0000,2,3.780000000000001,-0.1747774919,-0.17558682490281005,True
Device 4,C4D3,0000,2,3.82,-0.1745060864,-0.17560438139139697,True
Device 4,C4D3,0000,2,3.86,-0.1747605794,-0.17562056459861541,True
Device 4,C4D3,0000,2,3.899999999999999,-0.1747162847,-0.1756354819435377,True
Device 4,C4D3,0000,2,3.9399999999999977,-0.1746478293,-0.1756492324428378,True
Device 4,C4D3,0000,2,3.980000000000004,-0.1745922597,-0.17566190736803308,True
Device 4,C4D3,0000,2,4.020000000000003,-0.1740728041,-0.1756735908513161,True
Device 4,C4D3,0000,2,4.060000000000002,-0.1743329346,-0.1756843604439978,True
Device 4,C4D3,0000,2,4.100000000000001,-0.1737981772,-0.17569428763126893,True
Device 4,C4D3,0000,2,4.140000000000001,-0.1736065022,-0.17570343830669644,True
Device 4,C4D3,0000,2,4.18,-0.1736532129,-0.1757118732096042,True
Device 4,C4D3,0000,2,4.219999999999999,-0.1737442183,-0.17571964832824188,True
Device 4,C4D3,0000,2,4.259999999999998,-0.1736040861,-0.17572681527141726,True
Device 4,C4D3,0000,2,4.300000000000004,-0.1735106646,-0.17573342161105945,True
Device 4,C4D3,0000,2,4.340000000000003,-0.1734993896,-0.1757395111979866,True
Device 4,C4D3,0000,2,4.380000000000003,-0.1739044844,-0.17574512445297372,True
Device 4,C4D3,0000,2,4.420000000000002,-0.1740768309,-0.17575029863505326,True
Device 4,C4D3,0000,2,4.460000000000001,-0.17360167,-0.175755068088829,True
Device 4,C4D3,0000,2,4.5,-0.1736427433,-0.17575946447244462,True
Device 4,C4D3,0000,2,4.539999999999999,-0.1736089182,-0.17576351696772075,True
Device 4,C4D3,0000,2,4.579999999999998,-0.1737651576,-0.17576725247385458,True
Device 4,C4D3,0000,2,4.619999999999997,-0.1734945575,-0.17577069578596852,True
Device 4,C4D3,0000,2,4.660000000000004,-0.1735976432,-0.17577386975969236,True
Device 4,C4D3,0000,2,4.700000000000003,-0.1732223467,-0.1757767954628718,True
Device 4,C4D3,0000,2,4.740000000000002,-0.1733906664,-0.17577949231541032,True
Device 4,C4D3,0000,2,4.780000000000001,-0.1731788574,-0.17578197821817226,True
Device 4,C4D3,0000,2,4.82,-0.1729179216,-0.17578426967180336,True
Device 4,C4D3,0000,2,4.859999999999999,-0.1729010091,-0.17578638188625667,True
Device 4,C4D3,0000,2,4.899999999999999,-0.172520075,-0.17578832888175178,True
Device 4,C4D3,0000,2,4.939999999999998,-0.1724226268,-0.17579012358183627,True
Device 4,C4D3,0000,2,4.980000000000004,-0.1725031625,-0.17579177789916847,True
Device 4,C4D3,0000,2,5.020000000000003,-0.1724234321,-0.1757933028145899,True
Device 4,C4D3,0000,2,5.060000000000002,-0.1724838339,-0.1757947084500126,True
Device 4,C4D3,0000,2,5.100000000000001,-0.1726408786,-0.1757960041356052,True
Device 4,C4D3,0000,2,5.140000000000001,-0.1726287983,-0.17579719847172381,True
Device 4,C4D3,0000,2,5.18,-0.1722704142,-0.17579829938599834,True
Device 4,C4D3,0000,2,5.219999999999999,-0.1725659804,-0.17579931418595368,True
Device 4,C4D3,0000,2,5.259999999999998,-0.1727020858,-0.17580024960751486,True
Device 4,C4D3,0000,2,5.300000000000004,-0.1724024928,-0.1758011118597179,True
Device 4,C4D3,0000,2,5.340000000000003,-0.1723509499,-0.1758019066659234,True
Device 4,C4D3,0000,2,5.380000000000003,-0.1725216857,-0.17580263930180665,True
Device 4,C4D3,0000,2,5.420000000000002,-0.1726376572,-0.17580331463037563,True
Device 4,C4D3,0000,2,5.460000000000001,-0.1729050359,-0.1758039371342504,True
Device 4,C4D3,0000,2,5.5,-0.1726940322,-0.17580451094541713,True
Device 4,C4D3,0000,2,5.539999999999999,-0.1726167179,-0.17580503987265503,True
Device 4,C4D3,0000,2,5.579999999999998,-0.1725144375,-0.1758055274268178,True
Device 4,C4D3,0000,2,5.619999999999997,-0.1726843679,-0.17580597684413762,True
Device 4,C4D3,0000,2,5.660000000000004,-0.1725675911,-0.17580639110770624,True
Device 4,C4D3,0000,2,5.700000000000003,-0.1722261195,-0.17580677296727576,True
Device 4,C4D3,0000,2,5.740000000000002,-0.1727326894,-0.17580712495751066,True
Device 4,C4D3,0000,2,5.780000000000001,-0.1724572571,-0.17580744941481213,True
Device 4,C4D3,0000,2,5.82,-0.1725547054,-0.17580774849282638,True
Device 4,C4D3,0000,2,5.859999999999999,-0.1728478555,-0.17580802417673974,True
Device 4,C4D3,0000,2,5.899999999999999,-0.1726658447,-0.17580827829645593,True
Device 4,C4D3,0000,2,5.939999999999998,-0.1729171162,-0.1758085125387422,True
Device 4,C4D3,0000,2,5.980000000000004,-0.1732328163,-0.17580872845842563,True
Device 4,C4D3,0000,2,6.020000000000003,-0.1739737452,-0.1758089274887136,True
Device 4,C4D3,0000,2,6.060000000000002,-0.1740534756,-0.175809110950707,True
Device 4,C4D3,0000,2,6.100000000000001,-0.1739544166,-0.1758092800621692,True
Device 4,C4D3,0000,2,6.140000000000001,-0.1739769666,-0.17580943594560922,True
Device 4,C4D3,0000,2,6.18,-0.173389861,-0.17580957963573265,True
Device 4,C4D3,0000,2,6.219999999999999,-0.1740413952,-0.1758097120863096,False
Device 4,C4D3,0000,2,6.259999999999998,-0.1742668953,-0.1758098341765056,False
Device 4,C4D3,0000,2,6.300000000000004,-0.1736411326,-0.17580994671671726,False
Device 4,C4D3,0000,2,6.340000000000003,-0.1740889113,-0.17581005045395132,False
Device 4,C4D3,0000,2,6.380000000000003,-0.1737152254,-0.1758101460767831,False
Device 4,C4D3,0000,3,0.0199999999999995,0.0779629689,0.29694518273678294,False
Device 4,C4D3,0000,3,0.0600000000000022,0.0783068568,0.2594308884866421,False
Device 4,C4D3,0000,3,0.1000000000000014,0.0781433691,0.2248804419992487,False
Device 4,C4D3,0000,3,0.1400000000000005,0.0781941067,0.19305968203722831,False
Device 4,C4D3,0000,3,0.1799999999999997,0.0780459208,0.16375294746492733,False
Device 4,C4D3,0000,3,0.2199999999999988,0.0781151816,0.1367616156326136,False
Device 4,C4D3,0000,3,0.2600000000000015,0.0768564071,0.11190275623683824,False
Device 4,C4D3,0000,3,0.3000000000000007,0.0659091769,0.08900789153368197,True
Device 4,C4D3,0000,3,0.3399999999999998,0.0525845321,0.0679218545023546,True
Device 4,C4D3,0000,3,0.379999999999999,0.0406539635,0.04850173722054274,True
Device 4,C4D3,0000,3,0.4200000000000017,0.0286291695,0.03061592232421853,True
Device 4,C4D3,0000,3,0.4600000000000008,0.0170118878,0.014143190987774723,True
Device 4,C4D3,0000,3,0.5,0.0058617145,-0.0010280986210901566,True
Device 4,C4D3,0000,3,0.5399999999999991,-0.0043743773,-0.01500076797962166,True
Device 4,C4D3,0000,3,0.5800000000000018,-0.0144550345,-0.027869515069439438,True
Device 4,C4D3,0000,3,0.620000000000001,-0.0246323339,-0.03972155618000564,True
Device 4,C4D3,0000,3,0.6600000000000001,-0.0346952722,-0.05063721700589205,True
Device 4,C4D3,0000,3,0.6999999999999993,-0.0449514957,-0.06069047704390923,True
Device 4,C4D3,0000,3,0.740000000000002,-0.0546810154,-0.06994947097969728,True
Device 4,C4D3,0000,3,0.7800000000000011,-0.064122217,-0.0784769504618507,True
Device 4,C4D3,0000,3,0.8200000000000003,-0.0733934881,-0.08633070939320543,True
Device 4,C4D3,0000,3,0.8599999999999994,-0.0826534842,-0.09356397562162887,True
Device 4,C4D3,0000,3,0.9000000000000021,-0.0915446268,-0.1002257716849606,True
Device 4,C4D3,0000,3,0.9400000000000012,-0.1005348283,-0.10636124705499786,True
Device 4,C4D3,0000,3,0.9800000000000004,-0.1088300068,-0.11201198413227648,True
Device 4,C4D3,0000,3,1.0199999999999996,-0.1167909623,-0.1172162800654761,True
Device 4,C4D3,0000,3,1.0600000000000025,-0.1243170251,-0.12200940630545405,True
Device 4,C4D3,0000,3,1.1000000000000014,-0.1313083309,-0.126423847652996,True
Device 4,C4D3,0000,3,1.1400000000000006,-0.1373678386,-0.13048952242040618,True
Device 4,C4D3,0000,3,1.1799999999999995,-0.143509493,-0.13423398519904517,True
Device 4,C4D3,0000,3,1.2200000000000024,-0.1481113045,-0.1376826136070537,True
Device 4,C4D3,0000,3,1.2600000000000016,-0.1526712375,-0.1408587802829163,True
Device 4,C4D3,0000,3,1.3000000000000007,-0.1565522544,-0.14378401129053495,True
Device 4,C4D3,0000,3,1.34,-0.1595546265,-0.14647813200937593,True
Device 4,C4D3,0000,3,1.379999999999999,-0.1626786077,-0.14895940149844678,True
Device 4,C4D3,0000,3,1.4200000000000017,-0.1647451547,-0.15124463624473652,True
Device 4,C4D3,0000,3,1.4600000000000009,-0.1666957303,-0.1533493241348071,True
Device 4,C4D3,0000,3,1.5,-0.1681614807,-0.15528772942196722,True
Device 4,C4D3,0000,3,1.5399999999999991,-0.1696183722,-0.1570729894004263,True
Device 4,C4D3,0000,3,1.5800000000000018,-0.1706121833,-0.15871720344162776,True
Device 4,C4D3,0000,3,1.620000000000001,-0.171449755,-0.1602315149961931,True
Device 4,C4D3,0000,3,1.66,-0.1720795445,-0.16162618711723553,True
Device 4,C4D3,0000,3,1.6999999999999993,-0.1728720162,-0.1629106720168911,True
Device 4,C4D3,0000,3,1.740000000000002,-0.1733705325,-0.1640936751274789,True
Device 4,C4D3,0000,3,1.7800000000000011,-0.1737103933,-0.16518321410145625,True
Device 4,C4D3,0000,3,1.8200000000000005,-0.1735412682,-0.16618667315003469,True
Device 4,C4D3,0000,3,1.86,-0.1737554933,-0.16711085308872758,True
Device 4,C4D3,0000,3,1.900000000000002,-0.1738593844,-0.1679620174290088,True
Device 4,C4D3,0000,3,1.9400000000000013,-0.1739656916,-0.16874593482846123,True
Device 4,C4D3,0000,3,1.9800000000000004,-0.1743748132,-0.16946791818711707,True
Device 4,C4D3,0000,3,2.020000000000003,-0.1745890383,-0.17013286065495886,True
Device 4,C4D3,0000,3,2.0600000000000023,-0.1743917257,-0.17074526879461824,True
Device 4,C4D3,0000,3,2.1000000000000014,-0.1747066204,-0.17130929312402882,True
Device 4,C4D3,0000,3,2.140000000000001,-0.1746937347,-0.17182875624603108,True
Device 4,C4D3,0000,3,2.18,-0.1751278224,-0.17230717875557483,True
Device 4,C4D3,0000,3,2.219999999999999,-0.1751084938,-0.1727478031001017,True
Device 4,C4D3,0000,3,2.259999999999998,-0.1747187008,-0.1731536155548186,True
Device 4,C4D3,0000,3,2.299999999999997,-0.1753621814,-0.17352736646179617,True
Device 4,C4D3,0000,3,2.3400000000000034,-0.1749425902,-0.17387158887006124,True
Device 4,C4D3,0000,3,2.3800000000000026,-0.1752768135,-0.17418861570301244,True
Device 4,C4D3,0000,3,2.4200000000000017,-0.1749425902,-0.17448059556951115,True
Device 4,C4D3,0000,3,2.460000000000001,-0.1741887756,-0.1747495073258032,True
Device 4,C4D3,0000,3,2.5,-0.1748040687,-0.17499717348696425,True
Device 4,C4D3,0000,3,2.539999999999999,-0.1747178954,-0.17522527257876316,True
Device 4,C4D3,0000,3,2.5799999999999983,-0.175237351,-0.17543535051365575,True
Device 4,C4D3,0000,3,2.619999999999997,-0.1751543992,-0.175628831068009,True
Device 4,C4D3,0000,3,2.660000000000004,-0.1750094348,-0.1758070255315637,True
Device 4,C4D3,0000,3,2.700000000000003,-0.1748064848,-0.1759711415945327,True
Device 4,C4D3,0000,3,2.740000000000002,-0.1749852741,-0.17612229153256764,True
Device 4,C4D3,0000,3,2.780000000000001,-0.1747662169,-0.17626149974506466,True
Device 4,C4D3,0000,3,2.8200000000000003,-0.1747927937,-0.1763897096979006,True
Device 4,C4D3,0000,3,2.8599999999999994,-0.1752437938,-0.17650779031765246,True
Device 4,C4D3,0000,3,2.8999999999999986,-0.1745954811,-0.17661654188063622,True
Device 4,C4D3,0000,3,2.9399999999999977,-0.1754443279,-0.17671670143667734,True
Device 4,C4D3,0000,3,2.980000000000004,-0.175115742,-0.17680894780437192,True
Device 4,C4D3,0000,3,3.020000000000003,-0.1752365456,-0.17689390617169284,True
Device 4,C4D3,0000,3,3.0600000000000023,-0.1748427258,-0.17697215233312147,True
Device 4,C4D3,0000,3,3.1000000000000014,-0.1751576206,-0.17704421659202121,True
Device 4,C4D3,0000,3,3.140000000000001,-0.1752719814,-0.17711058735470084,True
Device 4,C4D3,0000,3,3.18,-0.1756641904,-0.1771717144405258,True
Device 4,C4D3,0000,3,3.219999999999999,-0.176152237,-0.17722801213051143,True
Device 4,C4D3,0000,3,3.259999999999998,-0.1763865961,-0.17727986197505985,True
Device 4,C4D3,0000,3,3.299999999999997,-0.1766443104,-0.17732761537986882,True
Device 4,C4D3,0000,3,3.3400000000000034,-0.1765782711,-0.1773715959875391,True
Device 4,C4D3,0000,3,3.3800000000000026,-0.1767167926,-0.17741210187102086,True
Device 4,C4D3,0000,3,3.4200000000000017,-0.1764985407,-0.17744940755376482,True
Device 4,C4D3,0000,3,3.460000000000001,-0.1764880711,-0.1774837658702702,True
Device 4,C4D3,0000,3,3.5,-0.1764381389,-0.17751540967963791,True
Device 4,C4D3,0000,3,3.539999999999999,-0.1763100871,-0.17754455344374356,True
Device 4,C4D3,0000,3,3.5799999999999983,-0.1763737103,-0.1775713946807254,True
Device 4,C4D3,0000,3,3.619999999999997,-0.1767184033,-0.17759611530363817,True
Device 4,C4D3,0000,3,3.660000000000004,-0.1770969213,-0.17761888285334568,True
Device 4,C4D3,0000,3,3.700000000000003,-0.1770816195,-0.1776398516340076,True
Device 4,C4D3,0000,3,3.740000000000002,-0.1769269909,-0.17765916375885624,True
Device 4,C4D3,0000,3,3.780000000000001,-0.1766668605,-0.17767695011335063,True
Device 4,C4D3,0000,3,3.82,-0.1762657924,-0.17769333124223624,True
Device 4,C4D3,0000,3,3.86,-0.1763423014,-0.17770841816652147,True
Device 4,C4D3,0000,3,3.899999999999999,-0.176652364,-0.17772231313590833,True
Device 4,C4D3,0000,3,3.9399999999999977,-0.1767079337,-0.17773511032177686,True
Device 4,C4D3,0000,3,3.980000000000004,-0.1767779998,-0.17774689645541944,True
Device 4,C4D3,0000,3,4.020000000000003,-0.1767771944,-0.17775775141585123,True
Device 4,C4D3,0000,3,4.060000000000002,-0.1762722353,-0.17776774877117985,True
Device 4,C4D3,0000,3,4.100000000000001,-0.1762915639,-0.1777769562772039,True
Device 4,C4D3,0000,3,4.140000000000001,-0.1765814926,-0.17778543633661928,True
Device 4,C4D3,0000,3,4.18,-0.176686189,-0.17779324642194536,True
Device 4,C4D3,0000,3,4.219999999999999,-0.1771694035,-0.1778004394650377,True
Device 4,C4D3,0000,3,4.259999999999998,-0.1771911482,-0.177807064215827,True
Device 4,C4D3,0000,3,4.300000000000004,-0.1767667248,-0.17781316557271545,True
Device 4,C4D3,0000,3,4.340000000000003,-0.1767578658,-0.17781878488686992,True
Device 4,C4D3,0000,3,4.380000000000003,-0.1774939626,-0.17782396024247424,True
Device 4,C4D3,0000,3,4.420000000000002,-0.1777822805,-0.1778287267148399,True
Device 4,C4D3,0000,3,4.460000000000001,-0.1774657751,-0.17783311660812445,True
Device 4,C4D3,0000,3,4.5,-0.1775575858,-0.17783715967426886,True
Device 4,C4D3,0000,3,4.539999999999999,-0.1766684712,-0.17784088331463738,True
Device 4,C4D3,0000,3,4.579999999999998,-0.1769205481,-0.17784431276572696,True
Device 4,C4D3,0000,3,4.619999999999997,-0.1767538391,-0.17784747127020425,True
Device 4,C4D3,0000,3,4.660000000000004,-0.1771597392,-0.17785038023442987,True
Device 4,C4D3,0000,3,4.700000000000003,-0.1768593409,-0.17785305937353724,True
Device 4,C4D3,0000,3,4.740000000000002,-0.1768359855,-0.17785552684504943,True
Device 4,C4D3,0000,3,4.780000000000001,-0.1770936999,-0.17785779937193935,True
Device 4,C4D3,0000,3,4.82,-0.1767425641,-0.17785989235596775,True
Device 4,C4D3,0000,3,4.859999999999999,-0.1766273979,-0.1778618199820665,True
Device 4,C4D3,0000,3,4.899999999999999,-0.1764083407,-0.1778635953144752,True
Device 4,C4D3,0000,3,4.939999999999998,-0.1759951923,-0.17786523038528249,True
Device 4,C4D3,0000,3,4.980000000000004,-0.1756327815,-0.17786673627597185,True
Device 4,C4D3,0000,3,5.020000000000003,-0.1750295688,-0.17786812319252512,True
Device 4,C4D3,0000,3,5.060000000000002,-0.175036817,-0.17786940053459205,True
Device 4,C4D3,0000,3,5.100000000000001,-0.1749957438,-0.17787057695919525,True
Device 4,C4D3,0000,3,5.140000000000001,-0.1752655385,-0.17787166043940228,True
Device 4,C4D3,0000,3,5.18,-0.1752864778,-0.1778726583183618,True
Device 4,C4D3,0000,3,5.219999999999999,-0.1751221849,-0.17787357735907094,True
Device 4,C4D3,0000,3,5.259999999999998,-0.175406476,-0.17787442379021076,True
Device 4,C4D3,0000,3,5.300000000000004,-0.1753903689,-0.17787520334836016,True
Device 4,C4D3,0000,3,5.340000000000003,-0.1754789582,-0.1778759213168749,True
Device 4,C4D3,0000,3,5.380000000000003,-0.1757954637,-0.1778765825616949,True
Device 4,C4D3,0000,3,5.420000000000002,-0.175271176,-0.1778771915643224,True
Device 4,C4D3,0000,3,5.460000000000001,-0.1754394957,-0.17787775245219498,True
Device 4,C4D3,0000,3,5.5,-0.1757350619,-0.17787826902665851,True
Device 4,C4D3,0000,3,5.539999999999999,-0.1756859351,-0.17787874478873042,True
Device 4,C4D3,0000,3,5.579999999999998,-0.1759452602,-0.17787918296282737,True
Device 4,C4D3,0000,3,5.619999999999997,-0.1760193531,-0.17787958651861835,True
Device 4,C4D3,0000,3,5.660000000000004,-0.1758494226,-0.17787995819115118,True
Device 4,C4D3,0000,3,5.700000000000003,-0.17538151,-0.17788030049938894,True
Device 4,C4D3,0000,3,5.740000000000002,-0.1753710403,-0.17788061576328204,True
Device 4,C4D3,0000,3,5.780000000000001,-0.1754733207,-0.17788090611949117,True
Device 4,C4D3,0000,3,5.82,-0.1749739991,-0.1778811735358685,True
Device 4,C4D3,0000,3,5.859999999999999,-0.1748507794,-0.17788141982479436,True
Device 4,C4D3,0000,3,5.899999999999999,-0.1748089008,-0.17788164665546044,True
Device 4,C4D3,0000,3,5.939999999999998,-0.1748878259,-0.17788185556518266,True
Device 4,C4D3,0000,3,5.980000000000004,-0.1744553489,-0.17788204796981993,True
Device 4,C4D3,0000,3,6.020000000000003,-0.1743820614,-0.17788222517337013,True
Device 4,C4D3,0000,3,6.060000000000002,-0.1742596471,-0.17788238837680764,True
Device 4,C4D3,0000,3,6.100000000000001,-0.1740301202,-0.17788253868622297,True
Device 4,C4D3,0000,3,6.140000000000001,-0.1741726685,-0.17788267712031897,True
Device 4,C4D3,0000,3,6.18,-0.1738569683,-0.17788280461731498,True
Device 4,C4D3,0000,3,6.219999999999999,-0.1744569596,-0.17788292204130568,False
Device 4,C4D3,0000,3,6.259999999999998,-0.1741098506,-0.1778830301881171,False
Device 4,C4D3,0000,3,6.300000000000004,-0.173612945,-0.1778831297907005,False
Device 4,C4D3,0000,3,6.340000000000003,-0.1734252967,-0.17788322152409963,False
Device 4,C4D3,0000,3,6.380000000000003,-0.1735356307,-0.1778833060100259,False
Device 4,C4D3,0000,4,0.0199999999999995,0.0808099095,0.2902679029299928,False
Device 4,C4D3,0000,4,0.0600000000000022,0.0808727274,0.25382560365454143,False
Device 4,C4D3,0000,4,0.1000000000000014,0.0809097739,0.22020700868004237,False
Device 4,C4D3,0000,4,0.1400000000000005,0.0809742025,0.18919332539083053,False
Device 4,C4D3,0000,4,0.1799999999999997,0.0806939379,0.1605827141534146,False
Device 4,C4D3,0000,4,0.2199999999999988,0.0805393092,0.1341889747273308,False
Device 4,C4D3,0000,4,0.2600000000000015,0.0771713021,0.10984033445846977,False
Device 4,C4D3,0000,4,0.3000000000000007,0.0640431628,0.08737833036834833,True
Device 4,C4D3,0000,4,0.3399999999999998,0.0511252239,0.06665677786383636,True
Device 4,C4D3,0000,4,0.379999999999999,0.0391213679,0.04754081935566001,True
Device 4,C4D3,0000,4,0.4200000000000017,0.0271899956,0.029906046593977165,True
Device 4,C4D3,0000,4,0.4600000000000008,0.0161976714,0.013637691009133202,True
Device 4,C4D3,0000,4,0.5,0.0056072215,-0.0013701232117569184,True
Device 4,C4D3,0000,4,0.5399999999999991,-0.0048253774,-0.015215068173409063,True
Device 4,C4D3,0000,4,0.5800000000000018,-0.0145967774,-0.02798724793056387,True
Device 4,C4D3,0000,4,0.620000000000001,-0.0249101822,-0.03976978489267402,True
Device 4,C4D3,0000,4,0.6600000000000001,-0.0348724507,-0.050639360791473464,True
Device 4,C4D3,0000,4,0.6999999999999993,-0.0450408904,-0.06066671573206875,True
Device 4,C4D3,0000,4,0.740000000000002,-0.0549830243,-0.06991710857543582,True
Device 4,C4D3,0000,4,0.7800000000000011,-0.0645603312,-0.07845074164851834,True
Device 4,C4D3,0000,4,0.8200000000000003,-0.0741448863,-0.08632315254598975,True
Device 4,C4D3,0000,4,0.8599999999999994,-0.083178577,-0.09358557557354091,True
Device 4,C4D3,0000,4,0.9000000000000021,-0.0921075714,-0.10028527518500947,True
Device 4,C4D3,0000,4,0.9400000000000012,-0.0997552426,-0.10646585358337896,True
Device 4,C4D3,0000,4,0.9800000000000004,-0.1079054568,-0.11216753448755037,True
Device 4,C4D3,0000,4,1.0199999999999996,-0.1159058748,-0.11742742491165202,True
Device 4,C4D3,0000,4,1.0600000000000025,-0.1226499357,-0.12227975666057847,True
Device 4,C4D3,0000,4,1.1000000000000014,-0.1296589594,-0.12675610911342572,True
Device 4,C4D3,0000,4,1.1400000000000006,-0.1354446456,-0.13088561474472282,True
Device 4,C4D3,0000,4,1.1799999999999995,-0.1406963801,-0.1346951487210003,True
Device 4,C4D3,0000,4,1.2200000000000024,-0.1457161719,-0.13820950380661262,True
Device 4,C4D3,0000,4,1.2600000000000016,-0.1503493924,-0.14145155171711207,True
Device 4,C4D3,0000,4,1.3000000000000007,-0.1546741611,-0.14444239197027997,True
Device 4,C4D3,0000,4,1.34,-0.1584110191,-0.14720148920354434,True
Device 4,C4D3,0000,4,1.379999999999999,-0.1617041253,-0.14974679985146133,True
Device 4,C4D3,0000,4,1.4200000000000017,-0.1644737492,-0.15209488900768697,True
Device 4,C4D3,0000,4,1.4600000000000009,-0.1673327679,-0.1542610382319852,True
Device 4,C4D3,0000,4,1.5,-0.1687799952,-0.1562593450038927,True
Device 4,C4D3,0000,4,1.5399999999999991,-0.1713692193,-0.15810281447028882,True
Device 4,C4D3,0000,4,1.5800000000000018,-0.1726183286,-0.15980344408397473,True
Device 4,C4D3,0000,4,1.620000000000001,-0.1734720075,-0.16137230168409494,True
Device 4,C4D3,0000,4,1.66,-0.1744682346,-0.16281959752655673,True
Device 4,C4D3,0000,4,1.6999999999999993,-0.1760580102,-0.1641547507332256,True
Device 4,C4D3,0000,4,1.740000000000002,-0.1765371979,-0.16538645059235466,True
Device 4,C4D3,0000,4,1.7800000000000011,-0.1764035086,-0.16652271310919592,True
Device 4,C4D3,0000,4,1.8200000000000005,-0.1768794748,-0.16757093317483066,True
Device 4,C4D3,0000,4,1.86,-0.1772902071,-0.16853793269273595,True
Device 4,C4D3,0000,4,1.900000000000002,-0.1779191913,-0.1694300049763006,True
Device 4,C4D3,0000,4,1.9400000000000013,-0.1776292626,-0.1702529557062327,True
Device 4,C4D3,0000,4,1.9800000000000004,-0.1776405376,-0.17101214071441345,True
Device 4,C4D3,0000,4,2.020000000000003,-0.1778934199,-0.1717125008400968,True
Device 4,C4D3,0000,4,2.0600000000000023,-0.1776944966,-0.17235859408530257,True
Device 4,C4D3,0000,4,2.1000000000000014,-0.1777500662,-0.17295462527867372,True
Device 4,C4D3,0000,4,2.140000000000001,-0.1772024232,-0.1735044734408508,True
Device 4,C4D3,0000,4,2.18,-0.1766757194,-0.1740117170294615,True
Device 4,C4D3,0000,4,2.219999999999999,-0.1765090104,-0.1744796572280209,True
Device 4,C4D3,0000,4,2.259999999999998,-0.1767337051,-0.17491133943030868,True
Device 4,C4D3,0000,4,2.299999999999997,-0.1772016178,-0.17530957306004535,True
Device 4,C4D3,0000,4,2.3400000000000034,-0.1782711325,-0.17567694985485602,True
Device 4,C4D3,0000,4,2.3800000000000026,-0.1789411899,-0.17601586073351422,True
Device 4,C4D3,0000,4,2.4200000000000017,-0.1783379772,-0.17632851135624092,True
Device 4,C4D3,0000,4,2.460000000000001,-0.1783210647,-0.1766169364793246,True
Device 4,C4D3,0000,4,2.5,-0.177819327,-0.17688301319748473,True
Device 4,C4D3,0000,4,2.539999999999999,-0.1785658934,-0.17712847316016048,True
Device 4,C4D3,0000,4,2.5799999999999983,-0.1787607899,-0.17735491384122942,True
Device 4,C4D3,0000,4,2.619999999999997,-0.1787640113,-0.17756380893550072,True
Device 4,C4D3,0000,4,2.660000000000004,-0.1789556864,-0.17775651794964348,True
Device 4,C4D3,0000,4,2.700000000000003,-0.1789854846,-0.17793429504996944,True
Device 4,C4D3,0000,4,2.740000000000002,-0.1789307203,-0.17809829722465179,True
Device 4,C4D3,0000,4,2.780000000000001,-0.1790056185,-0.17824959181350059,True
Device 4,C4D3,0000,4,2.8200000000000003,-0.178788172,-0.17838916345429898,True
Device 4,C4D3,0000,4,2.8599999999999994,-0.1795927241,-0.17851792049090806,True
Device 4,C4D3,0000,4,2.8999999999999986,-0.1795709795,-0.17863670088484424,True
Device 4,C4D3,0000,4,2.9399999999999977,-0.1797529903,-0.17874627766880258,True
Device 4,C4D3,0000,4,2.980000000000004,-0.1798464117,-0.17884736397761808,True
Device 4,C4D3,0000,4,3.020000000000003,-0.1791932668,-0.17894061768940636,True
Device 4,C4D3,0000,4,3.0600000000000023,-0.1788550167,-0.1790266457070894,True
Device 4,C4D3,0000,4,3.1000000000000014,-0.179200515,-0.1791060079081702,True
Device 4,C4D3,0000,4,3.140000000000001,-0.1788228024,-0.17917922078846224,True
Device 4,C4D3,0000,4,3.18,-0.1783709968,-0.17924676082348723,True
Device 4,C4D3,0000,4,3.219999999999999,-0.1777669787,-0.17930906756941745,True
Device 4,C4D3,0000,4,3.259999999999998,-0.1777613412,-0.17936654652374398,True
Device 4,C4D3,0000,4,3.299999999999997,-0.1779828145,-0.1794195717642881,True
Device 4,C4D3,0000,4,3.3400000000000034,-0.1778587895,-0.17946848838373092,True
Device 4,C4D3,0000,4,3.3800000000000026,-0.177853152,-0.17951361473550526,True
Device 4,C4D3,0000,4,3.4200000000000017,-0.1775857733,-0.17955524450566634,True
Device 4,C4D3,0000,4,3.460000000000001,-0.1776397323,-0.17959364862422508,True
Device 4,C4D3,0000,4,3.5,-0.1777355698,-0.1796290770283831,True
Device 4,C4D3,0000,4,3.539999999999999,-0.1774359768,-0.17966176028914496,True
Device 4,C4D3,0000,4,3.5799999999999983,-0.1773602732,-0.1796919111118934,True
Device 4,C4D3,0000,4,3.619999999999997,-0.1777275162,-0.17971972572069364,True
Device 4,C4D3,0000,4,3.660000000000004,-0.1775124858,-0.17974538513533597,True
Device 4,C4D3,0000,4,3.700000000000003,-0.1774883251,-0.1797690563494277,True
Device 4,C4D3,0000,4,3.740000000000002,-0.1778934199,-0.1797908934172013,True
Device 4,C4D3,0000,4,3.780000000000001,-0.1779385199,-0.17981103845611235,True
Device 4,C4D3,0000,4,3.82,-0.1778740913,-0.1798296225717516,True
Device 4,C4D3,0000,4,3.86,-0.1777919448,-0.1798467667110913,True
Device 4,C4D3,0000,4,3.899999999999999,-0.1776485912,-0.1798625824496178,True
Device 4,C4D3,0000,4,3.9399999999999977,-0.1778684538,-0.1798771727174746,True
Device 4,C4D3,0000,4,3.980000000000004,-0.1781624093,-0.17989063246933987,True
Device 4,C4D3,0000,4,4.020000000000003,-0.1777838912,-0.1799030493023996,True
Device 4,C4D3,0000,4,4.060000000000002,-0.1777677841,-0.17991450402643733,True
Device 4,C4D3,0000,4,4.100000000000001,-0.177952211,-0.17992507118975098,True
Device 4,C4D3,0000,4,4.140000000000001,-0.1776969126,-0.1799348195643194,True
Device 4,C4D3,0000,4,4.18,-0.1773989304,-0.17994381259337605,True
Device 4,C4D3,0000,4,4.219999999999999,-0.178130195,-0.17995210880430293,True
Device 4,C4D3,0000,4,4.259999999999998,-0.1778483198,-0.1799597621895316,True
Device 4,C4D3,0000,4,4.300000000000004,-0.1780681824,-0.17996682255793048,True
Device 4,C4D3,0000,4,4.340000000000003,-0.1781165039,-0.17997333585896505,True
Device 4,C4D3,0000,4,4.380000000000003,-0.1781720735,-0.1799793444817408,True
Device 4,C4D3,0000,4,4.420000000000002,-0.1785369005,-0.17998488753087516,True
Device 4,C4D3,0000,4,4.460000000000001,-0.1783234808,-0.1799900010809935,True
Device 4,C4D3,0000,4,4.5,-0.1783621379,-0.17999471841150577,True
Device 4,C4D3,0000,4,4.539999999999999,-0.1781720735,-0.17999907022319184,True
Device 4,C4D3,0000,4,4.579999999999998,-0.178308179,-0.18000308483800448,True
Device 4,C4D3,0000,4,4.619999999999997,-0.1779554324,-0.18000678838339126,True
Device 4,C4D3,0000,4,4.660000000000004,-0.1786689791,-0.18001020496233397,True
Device 4,C4D3,0000,4,4.700000000000003,-0.1779795931,-0.18001335681021283,True
Device 4,C4D3,0000,4,4.740000000000002,-0.1781479128,-0.18001626443951638,True
Device 4,C4D3,0000,4,4.780000000000001,-0.1779288556,-0.18001894677333818,True
Device 4,C4D3,0000,4,4.82,-0.1782010664,-0.18002142126853019,True
Device 4,C4D3,0000,4,4.859999999999999,-0.177965902,-0.18002370402931311,True
Device 4,C4D3,0000,4,4.899999999999999,-0.177997311,-0.18002580991208425,True
Device 4,C4D3,0000,4,4.939999999999998,-0.1774359768,-0.18002775262210405,True
Device 4,C4D3,0000,4,4.980000000000004,-0.1767836373,-0.1800295448026911,True
Device 4,C4D3,0000,4,5.020000000000003,-0.1765404193,-0.18003119811750587,True
Device 4,C4D3,0000,4,5.060000000000002,-0.1765589426,-0.1800327233264589,True
Device 4,C4D3,0000,4,5.100000000000001,-0.1766048479,-0.180034130355737,True
Device 4,C4D3,0000,4,5.140000000000001,-0.1760588156,-0.18003542836240397,True
Device 4,C4D3,0000,4,5.18,-0.176683773,-0.18003662579399524,True
Device 4,C4D3,0000,4,5.219999999999999,-0.1765130372,-0.1800377304434953,True
Device 4,C4D3,0000,4,5.259999999999998,-0.1767957176,-0.18003874950005513,True
Device 4,C4D3,0000,4,5.300000000000004,-0.1762263299,-0.18003968959577968,True
Device 4,C4D3,0000,4,5.340000000000003,-0.1764526354,-0.18004055684889017,True
Device 4,C4D3,0000,4,5.380000000000003,-0.1766902158,-0.1800413569035421,True
Device 4,C4D3,0000,4,5.420000000000002,-0.176663639,-0.18004209496655774,True
Device 4,C4D3,0000,4,5.460000000000001,-0.1765629693,-0.1800427758413127,True
Device 4,C4D3,0000,4,5.5,-0.176618539,-0.18004340395899654,True
Device 4,C4D3,0000,4,5.539999999999999,-0.1762529067,-0.18004398340745148,True
Device 4,C4D3,0000,4,5.579999999999998,-0.1768931659,-0.18004451795777632,True
Device 4,C4D3,0000,4,5.619999999999997,-0.1776944966,-0.18004501108886906,True
Device 4,C4D3,0000,4,5.660000000000004,-0.1779731503,-0.18004546601006793,True
Device 4,C4D3,0000,4,5.700000000000003,-0.1783790504,-0.180045885682038,True
Device 4,C4D3,0000,4,5.740000000000002,-0.1780158342,-0.18004627283603936,True
Device 4,C4D3,0000,4,5.780000000000001,-0.1781165039,-0.18004662999170254,True
Device 4,C4D3,0000,4,5.82,-0.1782977093,-0.18004695947342628,True
Device 4,C4D3,0000,4,5.859999999999999,-0.1784040165,-0.18004726342550512,True
Device 4,C4D3,0000,4,5.899999999999999,-0.1783516683,-0.18004754382608446,True
Device 4,C4D3,0000,4,5.939999999999998,-0.1778128841,-0.18004780250003466,True
Device 4,C4D3,0000,4,5.980000000000004,-0.1782002611,-0.1800480411308273,True
Device 4,C4D3,0000,4,6.020000000000003,-0.1779441574,-0.1800482612714915,True
Device 4,C4D3,0000,4,6.060000000000002,-0.1772475232,-0.180048464354721,True
Device 4,C4D3,0000,4,6.100000000000001,-0.1775455054,-0.18004865170219833,True
Device 4,C4D3,0000,4,6.140000000000001,-0.1772547714,-0.18004882453319654,True
Device 4,C4D3,0000,4,6.18,-0.1772185303,-0.1800489839725141,True
Device 4,C4D3,0000,4,6.219999999999999,-0.1778225484,-0.1800491310577954,False
Device 4,C4D3,0000,4,6.259999999999998,-0.1775559751,-0.18004926674628371,False
Device 4,C4D3,0000,4,6.300000000000004,-0.1775479215,-0.18004939192105102,False
Device 4,C4D3,0000,4,6.340000000000003,-0.1777693948,-0.18004950739674508,False
Device 4,C4D3,0000,4,6.380000000000003,-0.1784152915,-0.18004961392489138,False
Device 4,C4D3,0000,5,0.0199999999999995,0.0789753039,0.2933992100942726,False
Device 4,C4D3,0000,5,0.0600000000000022,0.078529941,0.25662665165708354,False
Device 4,C4D3,0000,5,0.1000000000000014,0.0784453784,0.22271852810881773,False
Device 4,C4D3,0000,5,0.1400000000000005,0.0790131558,0.1914517114545329,False
Device 4,C4D3,0000,5,0.1799999999999997,0.0782931657,0.16262045447562343,False
Device 4,C4D3,0000,5,0.2199999999999988,0.0786354429,0.13603503683701648,False
Device 4,C4D3,0000,5,0.2600000000000015,0.0767831195,0.11152051665719079,False
Device 4,C4D3,0000,5,0.3000000000000007,0.0655604569,0.08891557932589725,True
Device 4,C4D3,0000,5,0.3399999999999998,0.0528776823,0.0680714759943433,True
Device 4,C4D3,0000,5,0.379999999999999,0.040738526,0.04885104475275667,True
Device 4,C4D3,0000,5,0.4200000000000017,0.0290415125,0.031127808054282308,True
Device 4,C4D3,0000,5,0.4600000000000008,0.0174532236,0.014785140445948114,True
Device 4,C4D3,0000,5,0.5,0.0064633164,-0.00028449886996267937,True
Device 4,C4D3,0000,5,0.5399999999999991,-0.0036535825,-0.014180273694131051,True
Device 4,C4D3,0000,5,0.5800000000000018,-0.0142657756,-0.02699362336469277,True
Device 4,C4D3,0000,5,0.620000000000001,-0.0240476446,-0.03880886446190018,True
Device 4,C4D3,0000,5,0.6600000000000001,-0.0338939418,-0.049703745642414476,True
Device 4,C4D3,0000,5,0.6999999999999993,-0.04333756,-0.05974995925421965,True
Device 4,C4D3,0000,5,0.740000000000002,-0.0532088225,-0.06901361309879175,True
Device 4,C4D3,0000,5,0.7800000000000011,-0.0634972598,-0.07755566544488168,True
Device 4,C4D3,0000,5,0.8200000000000003,-0.0727548399,-0.08543232615647556,True
Device 4,C4D3,0000,5,0.8599999999999994,-0.081439811,-0.09269542657448764,True
Device 4,C4D3,0000,5,0.9000000000000021,-0.0898670679,-0.09939276058615627,True
Device 4,C4D3,0000,5,0.9400000000000012,-0.0990199516,-0.1055683991264977,True
Device 4,C4D3,0000,5,0.9800000000000004,-0.1068327211,-0.11126298018136314,True
Device 4,C4D3,0000,5,1.0199999999999996,-0.115247898,-0.11651397620041437,True
Device 4,C4D3,0000,5,1.0600000000000025,-0.1227433571,-0.12135594067970407,True
Device 4,C4D3,0000,5,1.1000000000000014,-0.1295075522,-0.12582073553645862,True
Device 4,C4D3,0000,5,1.1400000000000006,-0.1367042243,-0.12993774077228148,True
Device 4,C4D3,0000,5,1.1799999999999995,-0.1422080357,-0.13373404780442885,True
Device 4,C4D3,0000,5,1.2200000000000024,-0.1478109062,-0.13723463773735678,True
Device 4,C4D3,0000,5,1.2600000000000016,-0.1521992981,-0.14046254574762707,True
Device 4,C4D3,0000,5,1.3000000000000007,-0.1567117151,-0.14343901266389147,True
Device 4,C4D3,0000,5,1.34,-0.1599677748,-0.14618362473939936,True
Device 4,C4D3,0000,5,1.379999999999999,-0.163560474,-0.14871444253678906,True
Device 4,C4D3,0000,5,1.4200000000000017,-0.1654224602,-0.1510481197732706,True
Device 4,C4D3,0000,5,1.4600000000000009,-0.1676098109,-0.15320001290824392,True
Device 4,C4D3,0000,5,1.5,-0.1686422791,-0.15518428219448305,True
Device 4,C4D3,0000,5,1.5399999999999991,-0.1704905743,-0.1570139848578361,True
Device 4,C4D3,0000,5,1.5800000000000018,-0.1718927016,-0.1587011610186015,True
Device 4,C4D3,0000,5,1.620000000000001,-0.1718145819,-0.16025691291997218,True
Device 4,C4D3,0000,5,1.66,-0.1733657003,-0.16169147798490335,True
Device 4,C4D3,0000,5,1.6999999999999993,-0.1733149628,-0.16301429618214153,True
Device 4,C4D3,0000,5,1.740000000000002,-0.1736346897,-0.1642340721447107,True
Device 4,C4D3,0000,5,1.7800000000000011,-0.17360167,-0.16535883244961708,True
Device 4,C4D3,0000,5,1.8200000000000005,-0.1739310612,-0.1663959784356952,True
Device 4,C4D3,0000,5,1.86,-0.1742564256,-0.1673523349071547,True
Device 4,C4D3,0000,5,1.900000000000002,-0.1740373684,-0.16823419504331652,True
Device 4,C4D3,0000,5,1.9400000000000013,-0.1737917344,-0.1690473618100603,True
Device 4,C4D3,0000,5,1.9800000000000004,-0.1744561543,-0.1697971861454867,True
Device 4,C4D3,0000,5,2.020000000000003,-0.1750980241,-0.17048860217106915,True
Device 4,C4D3,0000,5,2.0600000000000023,-0.1747348079,-0.17112615965999792,True
Device 4,C4D3,0000,5,2.1000000000000014,-0.1748419205,-0.17171405397637102,True
Device 4,C4D3,0000,5,2.140000000000001,-0.1752727867,-0.17225615368224148,True
Device 4,C4D3,0000,5,2.18,-0.1745085025,-0.1727560259941866,True
Device 4,C4D3,0000,5,2.219999999999999,-0.1752743974,-0.1732169602569126,True
Device 4,C4D3,0000,5,2.259999999999998,-0.174480315,-0.1736419895883593,True
Device 4,C4D3,0000,5,2.299999999999997,-0.1746051454,-0.17403391083873818,True
Device 4,C4D3,0000,5,2.3400000000000034,-0.1750046027,-0.1743953029948412,True
Device 4,C4D3,0000,5,2.3800000000000026,-0.1744344096,-0.17472854415072778,True
Device 4,C4D3,0000,5,2.4200000000000017,-0.1747291704,-0.17503582715646343,True
Device 4,C4D3,0000,5,2.460000000000001,-0.1744481007,-0.17531917404788427,True
Device 4,C4D3,0000,5,2.5,-0.1748693026,-0.1755804493523406,True
Device 4,C4D3,0000,5,2.539999999999999,-0.1747187008,-0.1758213723579767,True
Device 4,C4D3,0000,5,2.5799999999999983,-0.1747436669,-0.1760435284272827,True
Device 4,C4D3,0000,5,2.619999999999997,-0.1745648775,-0.17624837942936597,True
Device 4,C4D3,0000,5,2.660000000000004,-0.174969167,-0.17643727335959095,True
Device 4,C4D3,0000,5,2.700000000000003,-0.1746204472,-0.17661145320988678,True
Device 4,C4D3,0000,5,2.740000000000002,-0.1746864865,-0.17677206514809443,True
Device 4,C4D3,0000,5,2.780000000000001,-0.1752172171,-0.17692016606017466,True
Device 4,C4D3,0000,5,2.8200000000000003,-0.1751439295,-0.1770567305049088,True
Device 4,C4D3,0000,5,2.8599999999999994,-0.1752888939,-0.17718265712685585,True
Device 4,C4D3,0000,5,2.8999999999999986,-0.1755884868,-0.17729877456976617,True
Device 4,C4D3,0000,5,2.9399999999999977,-0.1756400297,-0.17740584692936381,True
Device 4,C4D3,0000,5,2.980000000000004,-0.1760040513,-0.17750457878137907,True
Device 4,C4D3,0000,5,3.020000000000003,-0.1757914369,-0.17759561981791722,True
Device 4,C4D3,0000,5,3.0600000000000023,-0.1760249906,-0.17767956912267313,True
Device 4,C4D3,0000,5,3.1000000000000014,-0.175762444,-0.1777569791131234,True
Device 4,C4D3,0000,5,3.140000000000001,-0.1756376136,-0.17782835917563772,True
Device 4,C4D3,0000,5,3.18,-0.1753243296,-0.1778941790174296,True
Device 4,C4D3,0000,5,3.219999999999999,-0.1752864778,-0.1779548717574036,True
Device 4,C4D3,0000,5,3.259999999999998,-0.1755917083,-0.17801083677623786,True
Device 4,C4D3,0000,5,3.299999999999997,-0.1752695653,-0.17806244234445676,True
Device 4,C4D3,0000,5,3.3400000000000034,-0.1752413778,-0.1781100280457871,True
Device 4,C4D3,0000,5,3.3800000000000026,-0.1759331798,-0.17815390701174472,True
Device 4,C4D3,0000,5,3.4200000000000017,-0.1761506263,-0.17819436798215565,True
Device 4,C4D3,0000,5,3.460000000000001,-0.176517064,-0.17823167720517097,True
Device 4,C4D3,0000,5,3.5,-0.1764639104,-0.1782660801892781,True
Device 4,C4D3,0000,5,3.539999999999999,-0.1767417587,-0.1782978033188375,True
Device 4,C4D3,0000,5,3.5799999999999983,-0.1773248375,-0.1783270553437755,True
Device 4,C4D3,0000,5,3.619999999999997,-0.1774061786,-0.17835402875323592,True
Device 4,C4D3,0000,5,3.660000000000004,-0.1773489982,-0.17837890104223003,True
Device 4,C4D3,0000,5,3.700000000000003,-0.1770292713,-0.1784018358796192,True
Device 4,C4D3,0000,5,3.740000000000002,-0.1777130198,-0.17842298418511662,True
Device 4,C4D3,0000,5,3.780000000000001,-0.1780850949,-0.17844248512239483,True
Device 4,C4D3,0000,5,3.82,-0.1781825432,-0.17846046701483417,True
Device 4,C4D3,0000,5,3.86,-0.177943352,-0.17847704818993804,True
Device 4,C4D3,0000,5,3.899999999999999,-0.177821743,-0.17849233775797171,True
Device 4,C4D3,0000,5,3.9399999999999977,-0.177686443,-0.17850643632994817,True
Device 4,C4D3,0000,5,3.980000000000004,-0.177898252,-0.17851943667968584,True
Device 4,C4D3,0000,5,4.020000000000003,-0.1778507359,-0.1785314243542946,True
Device 4,C4D3,0000,5,4.060000000000002,-0.1778450984,-0.1785424782371073,True
Device 4,C4D3,0000,5,4.100000000000001,-0.1774810768,-0.1785526710667616,True
Device 4,C4D3,0000,5,4.140000000000001,-0.1772741,-0.1785620699158467,True
Device 4,C4D3,0000,5,4.18,-0.1776671144,-0.17857073663226603,True
Device 4,C4D3,0000,5,4.219999999999999,-0.1774287286,-0.17857872824621931,True
Device 4,C4D3,0000,5,4.259999999999998,-0.1775318144,-0.1785860973454823,True
Device 4,C4D3,0000,5,4.300000000000004,-0.1771814839,-0.17859289242145387,True
Device 4,C4D3,0000,5,4.340000000000003,-0.176573439,-0.17859915818824726,True
Device 4,C4D3,0000,5,4.380000000000003,-0.1765549158,-0.17860493587692558,True
Device 4,C4D3,0000,5,4.420000000000002,-0.1763882068,-0.17861026350681736,True
Device 4,C4D3,0000,5,4.460000000000001,-0.1765114265,-0.1786151761356979,True
Device 4,C4D3,0000,5,4.5,-0.176661223,-0.17861970609048233,True
Device 4,C4D3,0000,5,4.539999999999999,-0.176539614,-0.17862388317994868,True
Device 4,C4D3,0000,5,4.579999999999998,-0.1766507533,-0.17862773489089065,True
Device 4,C4D3,0000,5,4.619999999999997,-0.1765694122,-0.17863128656899094,True
Device 4,C4D3,0000,5,4.660000000000004,-0.1767731676,-0.17863456158560512,True
Device 4,C4D3,0000,5,4.700000000000003,-0.1764469979,-0.17863758149155393,True
Device 4,C4D3,0000,5,4.740000000000002,-0.1766306194,-0.17864036615893544,True
Device 4,C4D3,0000,5,4.780000000000001,-0.1758429798,-0.1786429339118911,True
Device 4,C4D3,0000,5,4.82,-0.1770767874,-0.1786453016471851,True
Device 4,C4D3,0000,5,4.859999999999999,-0.1763592139,-0.1786474849453914,True
Device 4,C4D3,0000,5,4.899999999999999,-0.1767473962,-0.17864949817341982,True
Device 4,C4D3,0000,5,4.939999999999998,-0.1762086121,-0.17865135457905545,True
Device 4,C4D3,0000,5,4.980000000000004,-0.1760725067,-0.178653066378134,True
Device 4,C4D3,0000,5,5.020000000000003,-0.1759138512,-0.17865464483492655,True
Device 4,C4D3,0000,5,5.060000000000002,-0.1755546618,-0.17865610033626264,True
Device 4,C4D3,0000,5,5.100000000000001,-0.1760475406,-0.17865744245987947,True
Device 4,C4D3,0000,5,5.140000000000001,-0.1761304924,-0.17865868003744684,True
Device 4,C4D3,0000,5,5.18,-0.176107137,-0.17865982121268287,True
Device 4,C4D3,0000,5,5.219999999999999,-0.1761506263,-0.17866087349494275,True
Device 4,C4D3,0000,5,5.259999999999998,-0.1762045853,-0.17866184380863298,True
Device 4,C4D3,0000,5,5.300000000000004,-0.1763592139,-0.17866273853877648,True
Device 4,C4D3,0000,5,5.340000000000003,-0.1773232268,-0.17866356357302862,True
Device 4,C4D3,0000,5,5.380000000000003,-0.1769551784,-0.1786643243404199,True
Device 4,C4D3,0000,5,5.420000000000002,-0.177742818,-0.17866502584708116,True
Device 4,C4D3,0000,5,5.460000000000001,-0.1775777197,-0.17866567270918568,True
Device 4,C4D3,0000,5,5.5,-0.1777532877,-0.1786662691833254,True
Device 4,C4D3,0000,5,5.539999999999999,-0.1776365108,-0.17866681919452077,True
Device 4,C4D3,0000,5,5.579999999999998,-0.1784152915,-0.17866732636204888,True
Device 4,C4D3,0000,5,5.619999999999997,-0.1786488452,-0.1786677940232597,True
Device 4,C4D3,0000,5,5.660000000000004,-0.1783315343,-0.17866822525553694,True
Device 4,C4D3,0000,5,5.700000000000003,-0.1779385199,-0.1786686228965485,True
Device 4,C4D3,0000,5,5.740000000000002,-0.1782147575,-0.17866898956291932,True
Device 4,C4D3,0000,5,5.780000000000001,-0.1777251002,-0.17866932766744975,True
Device 4,C4D3,0000,5,5.82,-0.177898252,-0.17866963943499264,True
Device 4,C4D3,0000,5,5.859999999999999,-0.1777621466,-0.17866992691709377,True
Device 4,C4D3,0000,5,5.899999999999999,-0.1777379859,-0.17867019200549164,True
Device 4,C4D3,0000,5,5.939999999999998,-0.1777887234,-0.178670436444566,True
Device 4,C4D3,0000,5,5.980000000000004,-0.1779111377,-0.1786706618428164,True
Device 4,C4D3,0000,5,6.020000000000003,-0.1772700732,-0.17867086968344667,True
Device 4,C4D3,0000,5,6.060000000000002,-0.1769020248,-0.178671061334125,True
Device 4,C4D3,0000,5,6.100000000000001,-0.1771766517,-0.1786712380559838,True
Device 4,C4D3,0000,5,6.140000000000001,-0.1768005498,-0.17867140101191822,True
Device 4,C4D3,0000,5,6.18,-0.1773489982,-0.17867155127423862,True
Device 4,C4D3,0000,5,6.219999999999999,-0.1772708785,-0.17867168983172663,False
Device 4,C4D3,0000,5,6.259999999999998,-0.1768673945,-0.17867181759614176,False
Device 4,C4D3,0000,5,6.300000000000004,-0.176861757,-0.17867193540822113,False
Device 4,C4D3,0000,5,6.340000000000003,-0.1773852393,-0.17867204404321183,False
Device 4,C4D3,0000,5,6.380000000000003,-0.177731543,-0.17867214421597222,False
Device 4,C4D3,1111,1,0.0199999999999995,0.0788464466,-0.15966602000886798,False
Device 4,C4D3,1111,1,0.0600000000000022,0.0790808058,-0.11660374814104985,False
Device 4,C4D3,1111,1,0.1000000000000014,0.0791718113,-0.07763217087758378,False
Device 4,C4D3,1111,1,0.1400000000000005,0.0793868419,-0.042362693246110306,False
Device 4,C4D3,1111,1,0.1799999999999997,0.0785879267,-0.010443634800324952,False
Device 4,C4D3,1111,1,0.2199999999999988,0.0792998632,0.01844327707035981,False
Device 4,C4D3,1111,1,0.2600000000000015,0.078183637,0.044586080713584414,False
Device 4,C4D3,1111,1,0.3000000000000007,0.0847746873,0.06824545231369156,True
Device 4,C4D3,1111,1,0.3399999999999998,0.0967688861,0.08965730515668541,True
Device 4,C4D3,1111,1,0.379999999999999,0.1112403696,0.10903514197835093,True
Device 4,C4D3,1111,1,0.4200000000000017,0.1240826162,0.12657218385139907,True
Device 4,C4D3,1111,1,0.4600000000000008,0.1372139896,0.14244329683926013,True
Device 4,C4D3,1111,1,0.5,0.1496213485,0.1568067356276797,True
Device 4,C4D3,1111,1,0.5399999999999991,0.1611428155,0.16980572152025497,True
Device 4,C4D3,1111,1,0.5800000000000018,0.172336504,0.181569870532511,True
Device 4,C4D3,1111,1,0.620000000000001,0.1822979952,0.19221648582436907,True
Device 4,C4D3,1111,1,0.6600000000000001,0.1926484774,0.20185172735818058,True
Device 4,C4D3,1111,1,0.6999999999999993,0.2024964176,0.21057167044524638,True
Device 4,C4D3,1111,1,0.740000000000002,0.2121551006,0.2184632637358604,True
Device 4,C4D3,1111,1,0.7800000000000011,0.2202497762,0.22560519620521663,True
Device 4,C4D3,1111,1,0.8200000000000003,0.2284934453,0.23206868178011508,True
Device 4,C4D3,1111,1,0.8599999999999994,0.2364504078,0.2379181694301553,True
Device 4,C4D3,1111,1,0.9000000000000021,0.2428844348,0.24321198580391795,True
Device 4,C4D3,1111,1,0.9400000000000012,0.2497565793,0.24800291681800765,True
Device 4,C4D3,1111,1,0.9800000000000004,0.2560891332,0.25233873399812917,True
Device 4,C4D3,1111,1,1.0199999999999996,0.2611951231,0.2562626708204608,True
Device 4,C4D3,1111,1,1.0600000000000025,0.2655207187,0.25981385380304667,True
Device 4,C4D3,1111,1,1.1000000000000014,0.2694243054,0.2630276926457199,True
Device 4,C4D3,1111,1,1.1400000000000006,0.2738135256,0.26593623330874017,True
Device 4,C4D3,1111,1,1.1799999999999995,0.2763874613,0.2685684775507711,True
Device 4,C4D3,1111,1,1.2200000000000024,0.2784660997,0.27095067211239404,True
Device 4,C4D3,1111,1,1.2600000000000016,0.2801718558,0.2731065704286711,True
Device 4,C4D3,1111,1,1.3000000000000007,0.281964591,0.2750576694803625,True
Device 4,C4D3,1111,1,1.34,0.2831831034,0.27682342414549194,True
Device 4,C4D3,1111,1,1.379999999999999,0.2850169123,0.2784214411886162,True
Device 4,C4D3,1111,1,1.4200000000000017,0.2858963674,0.27986765482211023,True
Device 4,C4D3,1111,1,1.4600000000000009,0.28687005,0.2811764855900315,True
Device 4,C4D3,1111,1,1.5,0.2879613153,0.2823609841588348,True
Device 4,C4D3,1111,1,1.5399999999999991,0.2885073507,0.2834329614487066,True
Device 4,C4D3,1111,1,1.5800000000000018,0.2892531159,0.28440310640309185,True
Device 4,C4D3,1111,1,1.620000000000001,0.2897564671,0.28528109257071993,True
Device 4,C4D3,1111,1,1.66,0.2905964597,0.28607567456288713,True
Device 4,C4D3,1111,1,1.6999999999999993,0.2901406248,0.2867947753477913,True
Device 4,C4D3,1111,1,1.740000000000002,0.2894689529,0.28744556525235415,True
Device 4,C4D3,1111,1,1.7800000000000011,0.290136598,0.28803453345927565,True
Device 4,C4D3,1111,1,1.8200000000000005,0.2904136425,0.2885675527122362,True
Device 4,C4D3,1111,1,1.86,0.2912399439,0.2890499378744365,True
Device 4,C4D3,1111,1,1.900000000000002,0.2917835633,0.28948649892437706,True
Device 4,C4D3,1111,1,1.9400000000000013,0.2921991301,0.28988158891731103,True
Device 4,C4D3,1111,1,1.9800000000000004,0.2926251666,0.2902391473906056,True
Device 4,C4D3,1111,1,2.020000000000003,0.2923392631,0.29056273964581636,True
Device 4,C4D3,1111,1,2.0600000000000023,0.2929223452,0.2908555922991672,True
Device 4,C4D3,1111,1,2.1000000000000014,0.2930310691,0.2911206254549168,True
Device 4,C4D3,1111,1,2.140000000000001,0.2928941575,0.29136048182242064,True
Device 4,C4D3,1111,1,2.18,0.2930415388,0.2915775530672217,True
Device 4,C4D3,1111,1,2.219999999999999,0.2930302637,0.2917740036589232,True
Device 4,C4D3,1111,1,2.259999999999998,0.2932436847,0.2919517924536354,True
Device 4,C4D3,1111,1,2.299999999999997,0.2935167024,0.29211269222620134,True
Device 4,C4D3,1111,1,2.3400000000000034,0.2935440847,0.29225830734696134,True
Device 4,C4D3,1111,1,2.3800000000000026,0.2940329395,0.2923900897793152,True
Device 4,C4D3,1111,1,2.4200000000000017,0.2937059625,0.29250935355759916,True
Device 4,C4D3,1111,1,2.460000000000001,0.2937526735,0.292617287889638,True
Device 4,C4D3,1111,1,2.5,0.2937711968,0.29271496901462235,True
Device 4,C4D3,1111,1,2.539999999999999,0.2932895903,0.29280337093454883,True
Device 4,C4D3,1111,1,2.5799999999999983,0.2940860934,0.29288337512622803,True
Device 4,C4D3,1111,1,2.619999999999997,0.2945910554,0.2929557793307019,True
Device 4,C4D3,1111,1,2.660000000000004,0.2945926661,0.29302130550771166,True
Device 4,C4D3,1111,1,2.700000000000003,0.2939749534,0.29308060703453204,True
Device 4,C4D3,1111,1,2.740000000000002,0.2944573653,0.29313427522095326,True
Device 4,C4D3,1111,1,2.780000000000001,0.2945298479,0.2931828452053731,True
Device 4,C4D3,1111,1,2.8200000000000003,0.2942213942,0.2932268012907909,True
Device 4,C4D3,1111,1,2.8599999999999994,0.293542474,0.2932665817739088,True
Device 4,C4D3,1111,1,2.8999999999999986,0.293039928,0.29330258331549414,True
Device 4,C4D3,1111,1,2.9399999999999977,0.2933628782,0.293335164895579,True
Device 4,C4D3,1111,1,2.980000000000004,0.2934699914,0.2933646513929366,True
Device 4,C4D3,1111,1,3.020000000000003,0.2933942874,0.29339133682452573,True
Device 4,C4D3,1111,1,3.0600000000000023,0.293253349,0.2934154872772045,True
Device 4,C4D3,1111,1,3.1000000000000014,0.2931148267,0.29343734356094653,True
Device 4,C4D3,1111,1,3.140000000000001,0.2929706669,0.29345712361001497,True
Device 4,C4D3,1111,1,3.18,0.2926863741,0.29347502465603764,True
Device 4,C4D3,1111,1,3.219999999999999,0.2924133564,0.2934912251946509,True
Device 4,C4D3,1111,1,3.259999999999998,0.2920219504,0.29350588676532263,True
Device 4,C4D3,1111,1,3.299999999999997,0.2924737585,0.29351915556210123,True
Device 4,C4D3,1111,1,3.3400000000000034,0.2918423547,0.2935311638913514,True
Device 4,C4D3,1111,1,3.3800000000000026,0.2919977896,0.29354203149101304,True
Device 4,C4D3,1111,1,3.4200000000000017,0.2917795364,0.29355186672453676,True
Device 4,C4D3,1111,1,3.460000000000001,0.291718329,0.29356076766140204,True
Device 4,C4D3,1111,1,3.5,0.2917738989,0.2935688230549918,True
Device 4,C4D3,1111,1,3.539999999999999,0.2919204748,0.2935761132275734,True
Device 4,C4D3,1111,1,3.5799999999999983,0.2924858389,0.2935827108712114,True
Device 4,C4D3,1111,1,3.619999999999997,0.2922498679,0.2935886817725977,True
Device 4,C4D3,1111,1,3.660000000000004,0.2926807366,0.2935940854690266,True
Device 4,C4D3,1111,1,3.700000000000003,0.2926807366,0.2935989758420551,True
Device 4,C4D3,1111,1,3.740000000000002,0.2926775152,0.29360340165476906,True
Device 4,C4D3,1111,1,3.780000000000001,0.2921532245,0.29360740703801186,True
Device 4,C4D3,1111,1,3.82,0.2928345607,0.29361103193042337,True
Device 4,C4D3,1111,1,3.86,0.2927628835,0.2936143124766779,True
Device 4,C4D3,1111,1,3.899999999999999,0.2926630186,0.29361728138789134,True
Device 4,C4D3,1111,1,3.9399999999999977,0.2930318744,0.29361996826779163,True
Device 4,C4D3,1111,1,3.980000000000004,0.2936407281,0.2936223999079047,True
Device 4,C4D3,1111,1,4.020000000000003,0.2940949524,0.293624600554699,True
Device 4,C4D3,1111,1,4.060000000000002,0.2938098542,0.2936265921513532,True
Device 4,C4D3,1111,1,4.100000000000001,0.2943293127,0.29362839455655665,True
Device 4,C4D3,1111,1,4.140000000000001,0.2940128054,0.2936300257425253,True
Device 4,C4D3,1111,1,4.18,0.2933081136,0.29363150197420673,True
Device 4,C4D3,1111,1,4.219999999999999,0.2937703914,0.2936328379714622,True
Device 4,C4D3,1111,1,4.259999999999998,0.2934997898,0.2936340470558419,True
Device 4,C4D3,1111,1,4.300000000000004,0.292692817,0.2936351412834169,True
Device 4,C4D3,1111,1,4.340000000000003,0.2928192588,0.2936361315649936,True
Device 4,C4D3,1111,1,4.380000000000003,0.2936294531,0.2936370277749079,True
Device 4,C4D3,1111,1,4.420000000000002,0.2927999301,0.2936378388494844,True
Device 4,C4D3,1111,1,4.460000000000001,0.2928442251,0.29363857287614287,True
Device 4,C4D3,1111,1,4.5,0.2933298584,0.29363923717403967,True
Device 4,C4D3,1111,1,4.539999999999999,0.2931800611,0.293639838367049,True
Device 4,C4D3,1111,1,4.579999999999998,0.2931301286,0.29364038244981094,True
Device 4,C4D3,1111,1,4.619999999999997,0.2924713424,0.29364087484750556,True
Device 4,C4D3,1111,1,4.660000000000004,0.2920984598,0.2936413204699488,True
Device 4,C4D3,1111,1,4.700000000000003,0.2918971193,0.2936417237605492,True
Device 4,C4D3,1111,1,4.740000000000002,0.2923287934,0.2936420887406144,True
Device 4,C4D3,1111,1,4.780000000000001,0.2918995354,0.29364241904944843,True
Device 4,C4D3,1111,1,4.82,0.291823026,0.2936427179806401,True
Device 4,C4D3,1111,1,4.859999999999999,0.292158862,0.2936429885149043,True
Device 4,C4D3,1111,1,4.899999999999999,0.2916377927,0.29364323334980313,True
Device 4,C4D3,1111,1,4.939999999999998,0.2919832931,0.2936434549266444,True
Device 4,C4D3,1111,1,4.980000000000004,0.2925373821,0.29364365545482407,True
Device 4,C4D3,1111,1,5.020000000000003,0.2913430302,0.2936438369338568,True
Device 4,C4D3,1111,1,5.060000000000002,0.2914082646,0.29364400117331374,True
Device 4,C4D3,1111,1,5.100000000000001,0.2912939031,0.29364414981086606,True
Device 4,C4D3,1111,1,5.140000000000001,0.2909580672,0.29364428432861445,True
Device 4,C4D3,1111,1,5.18,0.2913365874,0.29364440606786785,True
Device 4,C4D3,1111,1,5.219999999999999,0.2916369874,0.29364451624251753,True
Device 4,C4D3,1111,1,5.259999999999998,0.2915741692,0.2936446159511415,True
Device 4,C4D3,1111,1,5.300000000000004,0.2917392684,0.29364470618795846,True
Device 4,C4D3,1111,1,5.340000000000003,0.2917126914,0.29364478785274134,True
Device 4,C4D3,1111,1,5.380000000000003,0.2917892008,0.2936448617597894,True
Device 4,C4D3,1111,1,5.420000000000002,0.291624907,0.2936449286460476,True
Device 4,C4D3,1111,1,5.460000000000001,0.292214432,0.29364498917845483,True
Device 4,C4D3,1111,1,5.5,0.291802892,0.2936450439605944,True
Device 4,C4D3,1111,1,5.539999999999999,0.2914718881,0.2936450935387121,True
Device 4,C4D3,1111,1,5.579999999999998,0.291700611,0.29364513840716333,True
Device 4,C4D3,1111,1,5.619999999999997,0.2912769906,0.2936451790133422,True
Device 4,C4D3,1111,1,5.660000000000004,0.291440479,0.2936452157621427,True
Device 4,C4D3,1111,1,5.700000000000003,0.2913035675,0.2936452490199959,True
Device 4,C4D3,1111,1,5.740000000000002,0.2914437005,0.29364527911852395,True
Device 4,C4D3,1111,1,5.780000000000001,0.2914606131,0.2936453063578464,True
Device 4,C4D3,1111,1,5.82,0.291318064,0.2936453310095732,True
Device 4,C4D3,1111,1,5.859999999999999,0.2910514892,0.2936453533195126,True
Device 4,C4D3,1111,1,5.899999999999999,0.2919236962,0.2936453735101223,True
Device 4,C4D3,1111,1,5.939999999999998,0.2918375225,0.29364539178272786,True
Device 4,C4D3,1111,1,5.980000000000004,0.2920219504,0.2936454083195298,True
Device 4,C4D3,1111,1,6.020000000000003,0.2918077241,0.2936454232854205,True
Device 4,C4D3,1111,1,6.060000000000002,0.2919591322,0.2936454368296284,True
Device 4,C4D3,1111,1,6.100000000000001,0.2920775204,0.2936454490872062,True
Device 4,C4D3,1111,1,6.140000000000001,0.2920541649,0.293645460180377,True
Device 4,C4D3,1111,1,6.18,0.2922120159,0.2936454702197536,True
Device 4,C4D3,1111,1,6.219999999999999,0.2919470518,0.29364547930544105,False
Device 4,C4D3,1111,1,6.259999999999998,0.292497114,0.2936454875280348,False
Device 4,C4D3,1111,1,6.300000000000004,0.2918246367,0.2936454949695244,False
Device 4,C4D3,1111,1,6.340000000000003,0.2913043729,0.29364550170411075,False
Device 4,C4D3,1111,1,6.380000000000003,0.291665175,0.29364550779894594,False
Device 4,C4D3,1111,2,0.0199999999999995,0.0756362897,-0.13477648694326988,False
Device 4,C4D3,1111,2,0.0600000000000022,0.0751812625,-0.09531584887154904,False
Device 4,C4D3,1111,2,0.1000000000000014,0.0754430038,-0.05949694430266844,False
Device 4,C4D3,1111,2,0.1400000000000005,0.0753439448,-0.026983685845397398,False
Device 4,C4D3,1111,2,0.1799999999999997,0.0751426053,0.0025289971423376745,False
Device 4,C4D3,1111,2,0.2199999999999988,0.0752730733,0.029318021019449636,False
Device 4,C4D3,1111,2,0.2600000000000015,0.0792660383,0.05363474615713976,False
Device 4,C4D3,1111,2,0.3000000000000007,0.0916242581,0.0757073354434954,True
Device 4,C4D3,1111,2,0.3399999999999998,0.105063271,0.09574289512702533,True
Device 4,C4D3,1111,2,0.379999999999999,0.1177267266,0.11392941808654222,True
Device 4,C4D3,1111,2,0.4200000000000017,0.1293448295,0.13043754776105046,True
Device 4,C4D3,1111,2,0.4600000000000008,0.1409637402,0.1454221792905053,True
Device 4,C4D3,1111,2,0.5,0.1517507177,0.1590239128909074,True
Device 4,C4D3,1111,2,0.5399999999999991,0.1616759633,0.17137037310066594,True
Device 4,C4D3,1111,2,0.5800000000000018,0.1717349005,0.1825774062766911,True
Device 4,C4D3,1111,2,0.620000000000001,0.182579871,0.19275016757626073,True
Device 4,C4D3,1111,2,0.6600000000000001,0.1919526466,0.20198410762378488,True
Device 4,C4D3,1111,2,0.6999999999999993,0.2015066303,0.21036586812030583,True
Device 4,C4D3,1111,2,0.740000000000002,0.2103349868,0.2179740947992177,True
Device 4,C4D3,1111,2,0.7800000000000011,0.2185327481,0.22488017535612717,True
Device 4,C4D3,1111,2,0.8200000000000003,0.2267087665,0.23114890927683485,True
Device 4,C4D3,1111,2,0.8599999999999994,0.2350514964,0.23683911584839223,True
Device 4,C4D3,1111,2,0.9000000000000021,0.2408057987,0.24200418605819027,True
Device 4,C4D3,1111,2,0.9400000000000012,0.2466261413,0.24669258355951973,True
Device 4,C4D3,1111,2,0.9800000000000004,0.2528918498,0.2509482994041518,True
Device 4,C4D3,1111,2,1.0199999999999996,0.2582603869,0.2548112648086672,True
Device 4,C4D3,1111,2,1.0600000000000025,0.2607739192,0.25831772582751256,True
Device 4,C4D3,1111,2,1.1000000000000014,0.2667730557,0.2615005834483204,True
Device 4,C4D3,1111,2,1.1400000000000006,0.2695153112,0.26438970230060177,True
Device 4,C4D3,1111,2,1.1799999999999995,0.2715037488,0.2670121908744039,True
Device 4,C4D3,1111,2,1.2200000000000024,0.2765042387,0.26939265587822087,True
Device 4,C4D3,1111,2,1.2600000000000016,0.2779772452,0.271553433122783,True
Device 4,C4D3,1111,2,1.3000000000000007,0.280962721,0.27351479709710386,True
Device 4,C4D3,1111,2,1.34,0.2826531754,0.2752951512032224,True
Device 4,C4D3,1111,2,1.379999999999999,0.2844765145,0.27691120043461026,True
Device 4,C4D3,1111,2,1.4200000000000017,0.286117842,0.27837810811847735,True
Device 4,C4D3,1111,2,1.4600000000000009,0.2865422677,0.2797096381926818,True
Device 4,C4D3,1111,2,1.5,0.2885363437,0.2809182843522255,True
Device 4,C4D3,1111,2,1.5399999999999991,0.2897411652,0.2820153872771087,True
Device 4,C4D3,1111,2,1.5800000000000018,0.2903137776,0.28301124104149067,True
Device 4,C4D3,1111,2,1.620000000000001,0.2911787364,0.2839151897025875,True
Device 4,C4D3,1111,2,1.66,0.2919140319,0.28473571497559874,True
Device 4,C4D3,1111,2,1.6999999999999993,0.2916683965,0.2854805158173117,True
Device 4,C4D3,1111,2,1.740000000000002,0.2920372523,0.28615658066511407,True
Device 4,C4D3,1111,2,1.7800000000000011,0.2932597919,0.28677025300923065,True
Device 4,C4D3,1111,2,1.8200000000000005,0.2939185781,0.28732729091344605,True
Device 4,C4D3,1111,2,1.86,0.2941432741,0.2878329210427937,True
Device 4,C4D3,1111,2,1.900000000000002,0.2938001898,0.2882918877051507,True
Device 4,C4D3,1111,2,1.9400000000000013,0.2939507926,0.2887084973668947,True
Device 4,C4D3,1111,2,1.9800000000000004,0.2942753535,0.2890866590603109,True
Device 4,C4D3,1111,2,2.020000000000003,0.2941601867,0.28942992106188986,True
Device 4,C4D3,1111,2,2.0600000000000023,0.2942439444,0.28974150418566835,True
Device 4,C4D3,1111,2,2.1000000000000014,0.2940208591,0.2900243320040025,True
Device 4,C4D3,1111,2,2.140000000000001,0.2942262264,0.2902810582793334,True
Device 4,C4D3,1111,2,2.18,0.293431334,0.2905140918643376,True
Device 4,C4D3,1111,2,2.219999999999999,0.2929811366,0.2907256193040976,True
Device 4,C4D3,1111,2,2.259999999999998,0.2928925468,0.2909176253523702,True
Device 4,C4D3,1111,2,2.299999999999997,0.2926887902,0.29109191159445336,True
Device 4,C4D3,1111,2,2.3400000000000034,0.2925003355,0.2912501133513915,True
Device 4,C4D3,1111,2,2.3800000000000026,0.2926879848,0.2913937150241292,True
Device 4,C4D3,1111,2,2.4200000000000017,0.2927089243,0.29152406402158776,True
Device 4,C4D3,1111,2,2.460000000000001,0.2921153724,0.29164238340335075,True
Device 4,C4D3,1111,2,2.5,0.2919583268,0.2917497833555845,True
Device 4,C4D3,1111,2,2.539999999999999,0.2919148373,0.29184727160787205,True
Device 4,C4D3,1111,2,2.5799999999999983,0.2917054432,0.29193576288870055,True
Device 4,C4D3,1111,2,2.619999999999997,0.2915814174,0.2920160875083231,True
Device 4,C4D3,1111,2,2.660000000000004,0.2913583321,0.29208899914952774,True
Device 4,C4D3,1111,2,2.700000000000003,0.2907188747,0.29215518193941376,True
Device 4,C4D3,1111,2,2.740000000000002,0.2904096157,0.2922152568685297,True
Device 4,C4D3,1111,2,2.780000000000001,0.2908098806,0.29226978761760375,True
Device 4,C4D3,1111,2,2.8200000000000003,0.2905336415,0.2923192858465376,True
Device 4,C4D3,1111,2,2.8599999999999994,0.2906375331,0.2923642159952921,True
Device 4,C4D3,1111,2,2.8999999999999986,0.2909355171,0.2924049996417091,True
Device 4,C4D3,1111,2,2.9399999999999977,0.2909830334,0.29244201945715975,True
Device 4,C4D3,1111,2,2.980000000000004,0.2910498785,0.2924756227971355,True
Device 4,C4D3,1111,2,3.020000000000003,0.2910756501,0.292506124960471,True
Device 4,C4D3,1111,2,3.0600000000000023,0.2911553809,0.2925338121477809,True
Device 4,C4D3,1111,2,3.1000000000000014,0.2911433005,0.29255894414686895,True
Device 4,C4D3,1111,2,3.140000000000001,0.2912198099,0.2925817567703072,True
Device 4,C4D3,1111,2,3.18,0.2910949788,0.29260246406805573,True
Device 4,C4D3,1111,2,3.219999999999999,0.2915443708,0.29262126033588565,True
Device 4,C4D3,1111,2,3.259999999999998,0.2909790066,0.2926383219384483,True
Device 4,C4D3,1111,2,3.299999999999997,0.2910571267,0.2926538089640984,True
Device 4,C4D3,1111,2,3.3400000000000034,0.2913333659,0.2926678667269964,True
Device 4,C4D3,1111,2,3.3800000000000026,0.2914332308,0.29268062713058596,True
Device 4,C4D3,1111,2,3.4200000000000017,0.2912262527,0.2926922099052386,True
Device 4,C4D3,1111,2,3.460000000000001,0.2912568565,0.2927027237316793,True
Device 4,C4D3,1111,2,3.5,0.2918214153,0.29271226726073346,True
Device 4,C4D3,1111,2,3.539999999999999,0.2909435707,0.29272093003896377,True
Device 4,C4D3,1111,2,3.5799999999999983,0.2902074698,0.2927287933488821,True
Device 4,C4D3,1111,2,3.619999999999997,0.291111086,0.2927359309716202,True
Device 4,C4D3,1111,2,3.660000000000004,0.2910901466,0.2927424098792151,True
Device 4,C4D3,1111,2,3.700000000000003,0.2909516243,0.2927482908630054,True
Device 4,C4D3,1111,2,3.740000000000002,0.2907494785,0.29275362910403363,True
Device 4,C4D3,1111,2,3.780000000000001,0.2896187502,0.29275847469080823,True
Device 4,C4D3,1111,2,3.82,0.2900947192,0.2927628730892817,True
Device 4,C4D3,1111,2,3.86,0.2902171342,0.29276686556945636,True
Device 4,C4D3,1111,2,3.899999999999999,0.2908944436,0.29277048959261853,True
Device 4,C4D3,1111,2,3.9399999999999977,0.2904611589,0.29277377916283703,True
Device 4,C4D3,1111,2,3.980000000000004,0.2907913572,0.2927767651460214,True
Device 4,C4D3,1111,2,4.020000000000003,0.2905183396,0.2927794755595361,True
Device 4,C4D3,1111,2,4.060000000000002,0.290819545,0.29278193583508577,True
Device 4,C4D3,1111,2,4.100000000000001,0.2903741797,0.2927841690573405,True
Device 4,C4D3,1111,2,4.140000000000001,0.2905586076,0.292786196180538,True
Device 4,C4D3,1111,2,4.18,0.2908437058,0.2927880362250966,True
Device 4,C4D3,1111,2,4.219999999999999,0.2907526999,0.2927897064560828,True
Device 4,C4D3,1111,2,4.259999999999998,0.290728539,0.29279122254520934,True
Device 4,C4D3,1111,2,4.300000000000004,0.2910345766,0.2927925987178815,True
Device 4,C4D3,1111,2,4.340000000000003,0.2917634292,0.29279384788667406,True
Device 4,C4D3,1111,2,4.380000000000003,0.2918826228,0.29279498177248936,True
Device 4,C4D3,1111,2,4.420000000000002,0.2917255772,0.2927960110145339,True
Device 4,C4D3,1111,2,4.460000000000001,0.2919784609,0.292796945270146,True
Device 4,C4D3,1111,2,4.5,0.2918077241,0.2927977933054096,True
Device 4,C4D3,1111,2,4.539999999999999,0.2914702774,0.2927985630774068,True
Device 4,C4D3,1111,2,4.579999999999998,0.291411486,0.29279926180887833,True
Device 4,C4D3,1111,2,4.619999999999997,0.2916329606,0.2927998960559945,True
Device 4,C4D3,1111,2,4.660000000000004,0.2917215504,0.29280047176987134,True
Device 4,C4D3,1111,2,4.700000000000003,0.291484774,0.2928009943524098,True
Device 4,C4D3,1111,2,4.740000000000002,0.2915918871,0.2928014687069816,True
Device 4,C4D3,1111,2,4.780000000000001,0.2913752447,0.29280189928443723,True
Device 4,C4D3,1111,2,4.82,0.291934166,0.29280229012486825,True
Device 4,C4D3,1111,2,4.859999999999999,0.2918584619,0.2928026448955153,True
Device 4,C4D3,1111,2,4.899999999999999,0.2916522892,0.2928029669251775,True
Device 4,C4D3,1111,2,4.939999999999998,0.2916611483,0.29280325923544676,True
Device 4,C4D3,1111,2,4.980000000000004,0.2918753746,0.29280352456905895,True
Device 4,C4D3,1111,2,5.020000000000003,0.2919285285,0.2928037654156291,True
Device 4,C4D3,1111,2,5.060000000000002,0.2922869145,0.2928039840350111,True
Device 4,C4D3,1111,2,5.100000000000001,0.2920718829,0.29280418247850226,True
Device 4,C4D3,1111,2,5.140000000000001,0.2917980598,0.2928043626080901,True
Device 4,C4D3,1111,2,5.18,0.2917771204,0.2928045261139236,True
Device 4,C4D3,1111,2,5.219999999999999,0.2920694668,0.2928046745301716,True
Device 4,C4D3,1111,2,5.259999999999998,0.2916385981,0.292804809249418,True
Device 4,C4D3,1111,2,5.300000000000004,0.2913929627,0.29280493153572823,True
Device 4,C4D3,1111,2,5.340000000000003,0.2914340361,0.2928050425365101,True
Device 4,C4D3,1111,2,5.380000000000003,0.2913510839,0.2928051432932795,True
Device 4,C4D3,1111,2,5.420000000000002,0.2916603429,0.29280523475143333,True
Device 4,C4D3,1111,2,5.460000000000001,0.291711886,0.29280531776911994,True
Device 4,C4D3,1111,2,5.5,0.2913671911,0.2928053931252911,True
Device 4,C4D3,1111,2,5.539999999999999,0.2913100104,0.2928054615270107,True
Device 4,C4D3,1111,2,5.579999999999998,0.2910450463,0.2928055236160895,True
Device 4,C4D3,1111,2,5.619999999999997,0.2914147075,0.292805579975107,True
Device 4,C4D3,1111,2,5.660000000000004,0.2914710828,0.2928056311328775,True
Device 4,C4D3,1111,2,5.700000000000003,0.291671618,0.29280567756941245,True
Device 4,C4D3,1111,2,5.740000000000002,0.2911674613,0.29280571972042413,True
Device 4,C4D3,1111,2,5.780000000000001,0.2911658506,0.29280575798141373,True
Device 4,C4D3,1111,2,5.82,0.291373634,0.2928057927113827,True
Device 4,C4D3,1111,2,5.859999999999999,0.2915645048,0.292805824236201,True
Device 4,C4D3,1111,2,5.899999999999999,0.2916337659,0.2928058528516647,True
Device 4,C4D3,1111,2,5.939999999999998,0.2909073294,0.2928058788262717,True
Device 4,C4D3,1111,2,5.980000000000004,0.2911634345,0.2928059024037406,True
Device 4,C4D3,1111,2,6.020000000000003,0.2916675912,0.292805923805298,True
Device 4,C4D3,1111,2,6.060000000000002,0.2911795418,0.2928059432317538,True
Device 4,C4D3,1111,2,6.100000000000001,0.2909371278,0.2928059608653857,True
Device 4,C4D3,1111,2,6.140000000000001,0.2909033026,0.2928059768716494,True
Device 4,C4D3,1111,2,6.18,0.2909765905,0.292805991400731,True
Device 4,C4D3,1111,2,6.219999999999999,0.2914469219,0.29280600458895634,False
Device 4,C4D3,1111,2,6.259999999999998,0.2912834335,0.2928060165600701,False
Device 4,C4D3,1111,2,6.300000000000004,0.2912004812,0.29280602742639666,False
Device 4,C4D3,1111,2,6.340000000000003,0.291289071,0.2928060372898944,False
Device 4,C4D3,1111,2,6.380000000000003,0.2910369927,0.29280604624311213,False
Device 4,C4D3,1111,3,0.0199999999999995,0.0742865098,-0.1274907067981617,False
Device 4,C4D3,1111,3,0.0600000000000022,0.0740827542,-0.08921880758513201,False
Device 4,C4D3,1111,3,0.1000000000000014,0.0741238275,-0.054409232412961306,False
Device 4,C4D3,1111,3,0.1400000000000005,0.0747173763,-0.02274875700978135,False
Device 4,C4D3,1111,3,0.1799999999999997,0.0743171134,0.0060475065986510534,False
Device 4,C4D3,1111,3,0.2199999999999988,0.0744556349,0.03223867357408555,False
Device 4,C4D3,1111,3,0.2600000000000015,0.0789358415,0.05606041784143129,False
Device 4,C4D3,1111,3,0.3000000000000007,0.092833906,0.07772709273495435,True
Device 4,C4D3,1111,3,0.3399999999999998,0.1066296929,0.09743365979709723,True
Device 4,C4D3,1111,3,0.379999999999999,0.1184966493,0.11535744308563622,True
Device 4,C4D3,1111,3,0.4200000000000017,0.1305705854,0.1316597247748551,True
Device 4,C4D3,1111,3,0.4600000000000008,0.1414308483,0.14648719640828706,True
Device 4,C4D3,1111,3,0.5,0.1528331202,0.15997327886174179,True
Device 4,C4D3,1111,3,0.5399999999999991,0.1636410397,0.17223932289390842,True
Device 4,C4D3,1111,3,0.5800000000000018,0.1741558108,0.1833957010873787,True
Device 4,C4D3,1111,3,0.620000000000001,0.1839956931,0.1935428010056016,True
Device 4,C4D3,1111,3,0.6600000000000001,0.1933757172,0.2027719285024332,True
Device 4,C4D3,1111,3,0.6999999999999993,0.2025705107,0.2111661293124406,True
Device 4,C4D3,1111,3,0.740000000000002,0.2116388647,0.21880093631482794,True
Device 4,C4D3,1111,3,0.7800000000000011,0.2200194432,0.2257450491950201,True
Device 4,C4D3,1111,3,0.8200000000000003,0.2280174773,0.23206095261966164,True
Device 4,C4D3,1111,3,0.8599999999999994,0.2352769974,0.23780547848749214,True
Device 4,C4D3,1111,3,0.9000000000000021,0.2421467243,0.24303031731536723,True
Device 4,C4D3,1111,3,0.9400000000000012,0.247919551,0.24778248336098316,True
Device 4,C4D3,1111,3,0.9800000000000004,0.2537004322,0.25210473766758945,True
Device 4,C4D3,1111,3,1.0199999999999996,0.2586356852,0.2560359728373309,True
Device 4,C4D3,1111,3,1.0600000000000025,0.2633559074,0.259611562995502,True
Device 4,C4D3,1111,3,1.1000000000000014,0.2674213716,0.262863682094764,True
Device 4,C4D3,1111,3,1.1400000000000006,0.2717485786,0.2658215934235043,True
Device 4,C4D3,1111,3,1.1799999999999995,0.2750674736,0.2685119129233883,True
Device 4,C4D3,1111,3,1.2200000000000024,0.2779023466,0.2709588486855023,True
Device 4,C4D3,1111,3,1.2600000000000016,0.2805986975,0.273184418780121,True
Device 4,C4D3,1111,3,1.3000000000000007,0.2826048536,0.2752086493801848,True
Device 4,C4D3,1111,3,1.34,0.2846786603,0.2770497549612411,True
Device 4,C4D3,1111,3,1.379999999999999,0.2859648232,0.27872430219933253,True
Device 4,C4D3,1111,3,1.4200000000000017,0.2874499105,0.28024735904161896,True
Device 4,C4D3,1111,3,1.4600000000000009,0.2879975566,0.2816326302911056,True
Device 4,C4D3,1111,3,1.5,0.2888214419,0.2828925809254979,True
Device 4,C4D3,1111,3,1.5399999999999991,0.2900230419,0.28403854825983327,True
Device 4,C4D3,1111,3,1.5800000000000018,0.2908992758,0.28508084396215433,True
Device 4,C4D3,1111,3,1.620000000000001,0.291280212,0.286028846840183,True
Device 4,C4D3,1111,3,1.66,0.2919349713,0.2868910872339114,True
Device 4,C4D3,1111,3,1.6999999999999993,0.2925655698,0.2876753237734912,True
Device 4,C4D3,1111,3,1.740000000000002,0.2927467763,0.2883886131931074,True
Device 4,C4D3,1111,3,1.7800000000000011,0.2931196589,0.2890373738290361,True
Device 4,C4D3,1111,3,1.8200000000000005,0.2935150917,0.28962744337325713,True
Device 4,C4D3,1111,3,1.86,0.2935497223,0.29016413140230013,True
Device 4,C4D3,1111,3,1.900000000000002,0.2937985791,0.2906522671539908,True
Device 4,C4D3,1111,3,1.9400000000000013,0.2937405931,0.2910962429820028,True
Device 4,C4D3,1111,3,1.9800000000000004,0.293747036,0.29150005387923034,True
Device 4,C4D3,1111,3,2.020000000000003,0.2940611272,0.2918673334256187,True
Device 4,C4D3,1111,3,2.0600000000000023,0.2945387069,0.2922013864839226,True
Device 4,C4D3,1111,3,2.1000000000000014,0.2946756184,0.29250521893759296,True
Device 4,C4D3,1111,3,2.140000000000001,0.2950178973,0.2927815647383832,True
Device 4,C4D3,1111,3,2.18,0.2947215241,0.29303291050705216,True
Device 4,C4D3,1111,3,2.219999999999999,0.2950404475,0.2932615179085294,True
Device 4,C4D3,1111,3,2.259999999999998,0.29527964,0.2934694440028772,True
Device 4,C4D3,1111,3,2.299999999999997,0.2948181675,0.2936585597551729,True
Device 4,C4D3,1111,3,2.3400000000000034,0.294727967,0.2938305668708673,True
Device 4,C4D3,1111,3,2.3800000000000026,0.2949736024,0.29398701310810743,True
Device 4,C4D3,1111,3,2.4200000000000017,0.2951161515,0.2941293062048075,True
Device 4,C4D3,1111,3,2.460000000000001,0.295121789,0.2942587265457864,True
Device 4,C4D3,1111,3,2.5,0.2954970878,0.29437643868395436,True
Device 4,C4D3,1111,3,2.539999999999999,0.2956637978,0.29448350181921784,True
Device 4,C4D3,1111,3,2.5799999999999983,0.2954246052,0.2945808793293952,True
Device 4,C4D3,1111,3,2.619999999999997,0.2956162814,0.29466944743890366,True
Device 4,C4D3,1111,3,2.660000000000004,0.2954777591,0.294750003103221,True
Device 4,C4D3,1111,3,2.700000000000003,0.295139507,0.2948232711800675,True
Device 4,C4D3,1111,3,2.740000000000002,0.2951701108,0.2948899109518361,True
Device 4,C4D3,1111,3,2.780000000000001,0.2950855477,0.29495052205796185,True
Device 4,C4D3,1111,3,2.8200000000000003,0.2949373611,0.2950056498906103,True
Device 4,C4D3,1111,3,2.8599999999999994,0.2950476957,0.2950557905022369,True
Device 4,C4D3,1111,3,2.8999999999999986,0.2949550791,0.2951013950691773,True
Device 4,C4D3,1111,3,2.9399999999999977,0.2947714565,0.2951428739514316,True
Device 4,C4D3,1111,3,2.980000000000004,0.2950694405,0.29518060038517485,True
Device 4,C4D3,1111,3,3.020000000000003,0.2948431338,0.2952149138412188,True
Device 4,C4D3,1111,3,3.0600000000000023,0.2948511874,0.2952461230796454,True
Device 4,C4D3,1111,3,3.1000000000000014,0.2945072978,0.2952745089280986,True
Device 4,C4D3,1111,3,3.140000000000001,0.2948648785,0.2953003268087336,True
Device 4,C4D3,1111,3,3.18,0.2946973632,0.29532380903656213,True
Device 4,C4D3,1111,3,3.219999999999999,0.2945958876,0.2953451669098743,True
Device 4,C4D3,1111,3,3.259999999999998,0.2946715916,0.2953645926115474,True
Device 4,C4D3,1111,3,3.299999999999997,0.2945636731,0.2953822609383503,True
Device 4,C4D3,1111,3,3.3400000000000034,0.2943115948,0.2953983308738032,True
Device 4,C4D3,1111,3,3.3800000000000026,0.294082872,0.29541294701874665,True
Device 4,C4D3,1111,3,3.4200000000000017,0.2943333395,0.2954262408924921,True
Device 4,C4D3,1111,3,3.460000000000001,0.2938307936,0.29543833211626164,True
Device 4,C4D3,1111,3,3.5,0.2940860934,0.2954493294895665,True
Device 4,C4D3,1111,3,3.539999999999999,0.2946417932,0.2954593319692088,True
Device 4,C4D3,1111,3,3.5799999999999983,0.2943929363,0.29546842955971714,True
Device 4,C4D3,1111,3,3.619999999999997,0.2945475659,0.29547670412322713,True
Device 4,C4D3,1111,3,3.660000000000004,0.2944630029,0.29548423011609504,True
Device 4,C4D3,1111,3,3.700000000000003,0.2945137407,0.2954910752588726,True
Device 4,C4D3,1111,3,3.740000000000002,0.2943736077,0.29549730114567146,True
Device 4,C4D3,1111,3,3.780000000000001,0.2942479712,0.29550296379840085,True
Device 4,C4D3,1111,3,3.82,0.2941263615,0.2955081141708651,True
Device 4,C4D3,1111,3,3.86,0.294140858,0.2955127986072569,True
Device 4,C4D3,1111,3,3.899999999999999,0.2941400526,0.2955170592591731,True
Device 4,C4D3,1111,3,3.9399999999999977,0.2940772344,0.29552093446490396,True
Device 4,C4D3,1111,3,3.980000000000004,0.29445656,0.2955244590944094,True
Device 4,C4D3,1111,3,4.020000000000003,0.2939419336,0.2955276648630868,True
Device 4,C4D3,1111,3,4.060000000000002,0.2938396526,0.2955305806171533,True
Device 4,C4D3,1111,3,4.100000000000001,0.2938573706,0.29553323259321007,True
Device 4,C4D3,1111,3,4.140000000000001,0.2938565652,0.29553564465432547,True
Device 4,C4D3,1111,3,4.18,0.2940345502,0.2955378385047599,True
Device 4,C4D3,1111,3,4.219999999999999,0.2940667647,0.29553983388526583,True
Device 4,C4D3,1111,3,4.259999999999998,0.2940724022,0.29554164875071925,True
Device 4,C4D3,1111,3,4.300000000000004,0.2946675648,0.29554329943168167,True
Device 4,C4D3,1111,3,4.340000000000003,0.2945620624,0.2955448007813463,True
Device 4,C4D3,1111,3,4.380000000000003,0.2943969632,0.2955461663091901,True
Device 4,C4D3,1111,3,4.420000000000002,0.2942238103,0.29554740830253523,True
Device 4,C4D3,1111,3,4.460000000000001,0.2943019304,0.29554853793711305,True
Device 4,C4D3,1111,3,4.5,0.2945652839,0.2955495653776259,True
Device 4,C4D3,1111,3,4.539999999999999,0.2951451446,0.29555049986921117,True
Device 4,C4D3,1111,3,4.579999999999998,0.295297358,0.29555134982063125,True
Device 4,C4D3,1111,3,4.619999999999997,0.2955059468,0.2955521228799373,True
Device 4,C4D3,1111,3,4.660000000000004,0.2956186975,0.29555282600328847,True
Device 4,C4D3,1111,3,4.700000000000003,0.295019508,0.29555346551754436,True
Device 4,C4D3,1111,3,4.740000000000002,0.2956662139,0.295554047177196,True
Device 4,C4D3,1111,3,4.780000000000001,0.2956927908,0.29555457621614584,True
Device 4,C4D3,1111,3,4.82,0.2958184273,0.29555505739480364,True
Device 4,C4D3,1111,3,4.859999999999999,0.2960302375,0.29555549504292156,True
Device 4,C4D3,1111,3,4.899999999999999,0.2960407072,0.29555589309855435,True
Device 4,C4D3,1111,3,4.939999999999998,0.2957894343,0.29555625514349476,True
Device 4,C4D3,1111,3,4.980000000000004,0.2959021849,0.29555658443550353,True
Device 4,C4D3,1111,3,5.020000000000003,0.2962243298,0.2955568839376231,True
Device 4,C4D3,1111,3,5.060000000000002,0.2957507769,0.2955571563448398,True
Device 4,C4D3,1111,3,5.100000000000001,0.2955373559,0.29555740410833425,True
Device 4,C4D3,1111,3,5.140000000000001,0.2954068872,0.2955576294575373,True
Device 4,C4D3,1111,3,5.18,0.2952933312,0.2955578344201909,True
Device 4,C4D3,1111,3,5.219999999999999,0.2950613869,0.2955580208405945,True
Device 4,C4D3,1111,3,5.259999999999998,0.295166084,0.29555819039620024,True
Device 4,C4D3,1111,3,5.300000000000004,0.2947778994,0.29555834461270697,True
Device 4,C4D3,1111,3,5.340000000000003,0.2942785749,0.2955584848777891,True
Device 4,C4D3,1111,3,5.380000000000003,0.2936673051,0.2955586124535828,True
Device 4,C4D3,1111,3,5.420000000000002,0.2936608622,0.2955587284880434,True
Device 4,C4D3,1111,3,5.460000000000001,0.2935207292,0.29555883402527466,True
Device 4,C4D3,1111,3,5.5,0.2930310691,0.29555893001492406,True
Device 4,C4D3,1111,3,5.539999999999999,0.2925003355,0.2955590173207276,True
Device 4,C4D3,1111,3,5.579999999999998,0.2919575215,0.29555909672828234,True
Device 4,C4D3,1111,3,5.619999999999997,0.2923424845,0.2955591689521151,True
Device 4,C4D3,1111,3,5.660000000000004,0.2922957735,0.2955592346421118,True
Device 4,C4D3,1111,3,5.700000000000003,0.2922869145,0.29555929438936573,True
Device 4,C4D3,1111,3,5.740000000000002,0.292392417,0.2955593487314958,True
Device 4,C4D3,1111,3,5.780000000000001,0.2922015462,0.2955593981574846,True
Device 4,C4D3,1111,3,5.82,0.2917730936,0.29555944311207816,True
Device 4,C4D3,1111,3,5.859999999999999,0.2921330904,0.2955594839997878,True
Device 4,C4D3,1111,3,5.899999999999999,0.2924238261,0.2955595211885303,True
Device 4,C4D3,1111,3,5.939999999999998,0.2922965789,0.29555955501293807,True
Device 4,C4D3,1111,3,5.980000000000004,0.2919124212,0.29555958577737074,True
Device 4,C4D3,1111,3,6.020000000000003,0.2925832878,0.2955596137586534,True
Device 4,C4D3,1111,3,6.060000000000002,0.2929714723,0.2955596392085679,True
Device 4,C4D3,1111,3,6.100000000000001,0.2931969736,0.29555966235611825,True
Device 4,C4D3,1111,3,6.140000000000001,0.2935795206,0.2955596834095911,True
Device 4,C4D3,1111,3,6.18,0.2941142811,0.2955597025584304,True
Device 4,C4D3,1111,3,6.219999999999999,0.2939580408,0.29555971997494157,False
Device 4,C4D3,1111,3,6.259999999999998,0.2940361609,0.2955597358158423,False
Device 4,C4D3,1111,3,6.300000000000004,0.2941368312,0.2955597502236724,False
Device 4,C4D3,1111,3,6.340000000000003,0.2940595164,0.2955597633280769,False
Device 4,C4D3,1111,3,6.380000000000003,0.2941247508,0.295559775246972,False
Device 4,C4D3,1111,4,0.0199999999999995,0.0750749552,-0.12852015293860725,False
Device 4,C4D3,1111,4,0.0600000000000022,0.0751031428,-0.0914083051993067,False
Device 4,C4D3,1111,4,0.1000000000000014,0.0758118578,-0.05752531008837952,False
Device 4,C4D3,1111,4,0.1400000000000005,0.0750499891,-0.02659024682362443,False
Device 4,C4D3,1111,4,0.1799999999999997,0.0743074491,0.0016533643465634351,False
Device 4,C4D3,1111,4,0.2199999999999988,0.0752819322,0.027439688593121347,False
Device 4,C4D3,1111,4,0.2600000000000015,0.076865266,0.05098251794812045,False
Device 4,C4D3,1111,4,0.3000000000000007,0.0882932968,0.07247704383474407,True
Device 4,C4D3,1111,4,0.3399999999999998,0.1015366069,0.09210147538135713,True
Device 4,C4D3,1111,4,0.379999999999999,0.1143232817,0.11001851693691758,True
Device 4,C4D3,1111,4,0.4200000000000017,0.1252842112,0.1263767170377052,True
Device 4,C4D3,1111,4,0.4600000000000008,0.1371608359,0.14131170000950705,True
Device 4,C4D3,1111,4,0.5,0.1480025769,0.15494729041638147,True
Device 4,C4D3,1111,4,0.5399999999999991,0.1587436505,0.1673965396786733,True
Device 4,C4D3,1111,4,0.5800000000000018,0.1693083528,0.17876266337189828,True
Device 4,C4D3,1111,4,0.620000000000001,0.1789034047,0.18913989697754024,True
Device 4,C4D3,1111,4,0.6600000000000001,0.1889720103,0.19861427718072805,True
Device 4,C4D3,1111,4,0.6999999999999993,0.1981442527,0.20726435519243946,True
Device 4,C4D3,1111,4,0.740000000000002,0.2067938184,0.21516184801033642,True
Device 4,C4D3,1111,4,0.7800000000000011,0.2152871463,0.22237223301776388,True
Device 4,C4D3,1111,4,0.8200000000000003,0.2233906815,0.22895529085069072,True
Device 4,C4D3,1111,4,0.8599999999999994,0.2307049653,0.23496560103343658,True
Device 4,C4D3,1111,4,0.9000000000000021,0.2381183098,0.240452994492467,True
Device 4,C4D3,1111,4,0.9400000000000012,0.2445249548,0.24546296669999912,True
Device 4,C4D3,1111,4,0.9800000000000004,0.2510765659,0.25003705487276195,True
Device 4,C4D3,1111,4,1.0199999999999996,0.2563114129,0.25421318235322055,True
Device 4,C4D3,1111,4,1.0600000000000025,0.261738742,0.25802597302850583,True
Device 4,C4D3,1111,4,1.1000000000000014,0.2664944006,0.2615070383938627,True
Device 4,C4D3,1111,4,1.1400000000000006,0.2710028139,0.26468523964063906,True
Device 4,C4D3,1111,4,1.1799999999999995,0.2741622472,0.2675869269417549,True
Device 4,C4D3,1111,4,1.2200000000000024,0.2777066436,0.27023615791855293,True
Device 4,C4D3,1111,4,1.2600000000000016,0.2807315822,0.27265489710031315,True
Device 4,C4D3,1111,4,1.3000000000000007,0.2830437758,0.2748631980301375,True
Device 4,C4D3,1111,4,1.34,0.2850587911,0.2768793695270221,True
Device 4,C4D3,1111,4,1.379999999999999,0.2868587749,0.2787201274825845,True
Device 4,C4D3,1111,4,1.4200000000000017,0.2886434569,0.2804007334509768,True
Device 4,C4D3,1111,4,1.4600000000000009,0.2901269336,0.28193512118102043,True
Device 4,C4D3,1111,4,1.5,0.2912729637,0.28333601213963155,True
Device 4,C4D3,1111,4,1.5399999999999991,0.2919607429,0.28461502098432734,True
Device 4,C4D3,1111,4,1.5800000000000018,0.2921628888,0.2857827518592785,True
Device 4,C4D3,1111,4,1.620000000000001,0.2926042272,0.2868488863132887,True
Device 4,C4D3,1111,4,1.66,0.2939354907,0.28782226356862184,True
Device 4,C4D3,1111,4,1.6999999999999993,0.2941005899,0.28871095380617684,True
Device 4,C4D3,1111,4,1.740000000000002,0.29412314,0.289522325074612,True
Device 4,C4D3,1111,4,1.7800000000000011,0.2934812665,0.2902631043781556,True
Device 4,C4D3,1111,4,1.8200000000000005,0.2939354907,0.29093943344957685,True
Device 4,C4D3,1111,4,1.86,0.2945346801,0.29155691967072445,True
Device 4,C4D3,1111,4,1.900000000000002,0.2950348099,0.29212068256281176,True
Device 4,C4D3,1111,4,1.9400000000000013,0.2952393719,0.292635396231894,True
Device 4,C4D3,1111,4,1.9800000000000004,0.2950597761,0.29310532812144996,True
Device 4,C4D3,1111,4,2.020000000000003,0.2952160164,0.29353437439336155,True
Device 4,C4D3,1111,4,2.0600000000000023,0.2954584304,0.29392609223063176,True
Device 4,C4D3,1111,4,2.1000000000000014,0.2953046062,0.2942837293296608,True
Device 4,C4D3,1111,4,2.140000000000001,0.2956356101,0.2946102508265966,True
Device 4,C4D3,1111,4,2.18,0.2957008444,0.2949083638810046,True
Device 4,C4D3,1111,4,2.219999999999999,0.2958337292,0.2951805401206779,True
Device 4,C4D3,1111,4,2.259999999999998,0.2956396369,0.29542903613367477,True
Device 4,C4D3,1111,4,2.299999999999997,0.2963008392,0.2956559121774817,True
Device 4,C4D3,1111,4,2.3400000000000034,0.2967188221,0.2958630492604181,True
Device 4,C4D3,1111,4,2.3800000000000026,0.2968509016,0.29605216473690227,True
Device 4,C4D3,1111,4,2.4200000000000017,0.2966157358,0.2962248265458784,True
Device 4,C4D3,1111,4,2.460000000000001,0.2966431181,0.29638246621045344,True
Device 4,C4D3,1111,4,2.5,0.2966664736,0.29652639070652287,True
Device 4,C4D3,1111,4,2.539999999999999,0.2963813754,0.29665779329878716,True
Device 4,C4D3,1111,4,2.5799999999999983,0.2966286216,0.2967777634339993,True
Device 4,C4D3,1111,4,2.619999999999997,0.2966986881,0.2968872957734669,True
Device 4,C4D3,1111,4,2.660000000000004,0.2966616415,0.2969872984396974,True
Device 4,C4D3,1111,4,2.700000000000003,0.2965392264,0.29707860054555774,True
Device 4,C4D3,1111,4,2.740000000000002,0.2967937208,0.2971619590683727,True
Device 4,C4D3,1111,4,2.780000000000001,0.2970933156,0.297238065125954,True
Device 4,C4D3,1111,4,2.8200000000000003,0.2970087525,0.297307549706594,True
Device 4,C4D3,1111,4,2.8599999999999994,0.2969419075,0.2973709889005314,True
Device 4,C4D3,1111,4,2.8999999999999986,0.2972857971,0.29742890867626237,True
Device 4,C4D3,1111,4,2.9399999999999977,0.2975974723,0.2974817892412966,True
Device 4,C4D3,1111,4,2.980000000000004,0.2970651279,0.2975300690235135,True
Device 4,C4D3,1111,4,3.020000000000003,0.2976071366,0.29757414830612694,True
Device 4,C4D3,1111,4,3.0600000000000023,0.2976981426,0.29761439254639704,True
Device 4,C4D3,1111,4,3.1000000000000014,0.297914785,0.2976511354056018,True
Device 4,C4D3,1111,4,3.140000000000001,0.2977440482,0.29768468151539246,True
Device 4,C4D3,1111,4,3.18,0.2974066015,0.29771530900346616,True
Device 4,C4D3,1111,4,3.219999999999999,0.2975861972,0.29774327179949694,True
Device 4,C4D3,1111,4,3.259999999999998,0.297645794,0.29776880174044346,True
Device 4,C4D3,1111,4,3.299999999999997,0.2973131795,0.2977921104926875,True
Device 4,C4D3,1111,4,3.3400000000000034,0.2973993532,0.29781339130694046,True
Device 4,C4D3,1111,4,3.3800000000000026,0.2977359946,0.2978328206204674,True
Device 4,C4D3,1111,4,3.4200000000000017,0.297534654,0.2978505595199118,True
Device 4,C4D3,1111,4,3.460000000000001,0.2974066014,0.29786675507685006,True
Device 4,C4D3,1111,4,3.5,0.2975040503,0.29788154156714863,True
Device 4,C4D3,1111,4,3.539999999999999,0.2973421725,0.29789504158423247,True
Device 4,C4D3,1111,4,3.5799999999999983,0.2977134445,0.2979073670554961,True
Device 4,C4D3,1111,4,3.619999999999997,0.2975443184,0.297918620170283,True
Device 4,C4D3,1111,4,3.660000000000004,0.2974162658,0.29792889422712826,True
Device 4,C4D3,1111,4,3.700000000000003,0.2973921049,0.29793827440728804,True
Device 4,C4D3,1111,4,3.740000000000002,0.2976562637,0.29794683848096953,True
Device 4,C4D3,1111,4,3.780000000000001,0.2969080823,0.29795465745211636,True
Device 4,C4D3,1111,4,3.82,0.2978358595,0.29796179614709595,True
Device 4,C4D3,1111,4,3.86,0.2975024395,0.29796831375216887,True
Device 4,C4D3,1111,4,3.899999999999999,0.2976409618,0.2979742643041967,True
Device 4,C4D3,1111,4,3.9399999999999977,0.2976184117,0.2979796971386566,True
Device 4,C4D3,1111,4,3.980000000000004,0.2974363998,0.297984657298677,True
Device 4,C4D3,1111,4,4.020000000000003,0.2973711655,0.29798918590848655,True
Device 4,C4D3,1111,4,4.060000000000002,0.2971206979,0.2979933205143707,True
Device 4,C4D3,1111,4,4.100000000000001,0.2973832459,0.297997095395965,True
Device 4,C4D3,1111,4,4.140000000000001,0.2973711655,0.2980005418504638,True
Device 4,C4D3,1111,4,4.18,0.2972592202,0.2980036884521031,True
Device 4,C4D3,1111,4,4.219999999999999,0.2972439183,0.2980065612890664,True
Device 4,C4D3,1111,4,4.259999999999998,0.2972374754,0.2980091841797795,True
Device 4,C4D3,1111,4,4.300000000000004,0.2970772083,0.29801157887038704,True
Device 4,C4D3,1111,4,4.340000000000003,0.297467809,0.2980137652150475,True
Device 4,C4D3,1111,4,4.380000000000003,0.2967059364,0.29801576134054264,True
Device 4,C4D3,1111,4,4.420000000000002,0.2970997585,0.2980175837965644,True
Device 4,C4D3,1111,4,4.460000000000001,0.2971811,0.2980192476929273,True
Device 4,C4D3,1111,4,4.5,0.2967945262,0.29802076682484246,True
Device 4,C4D3,1111,4,4.539999999999999,0.2966938559,0.2980221537872922,True
Device 4,C4D3,1111,4,4.579999999999998,0.2959247351,0.298023420079454,True
Device 4,C4D3,1111,4,4.619999999999997,0.2957250053,0.2980245762000392,True
Device 4,C4D3,1111,4,4.660000000000004,0.2959247351,0.2980256317343368,True
Device 4,C4D3,1111,4,4.700000000000003,0.2966527825,0.2980265954336842,True
Device 4,C4D3,1111,4,4.740000000000002,0.2969177466,0.29802747528802354,True
Device 4,C4D3,1111,4,4.780000000000001,0.2970329134,0.298028278592146,True
Device 4,C4D3,1111,4,4.82,0.2973445885,0.29802901200617166,True
Device 4,C4D3,1111,4,4.859999999999999,0.2969628469,0.2980296816107686,True
Device 4,C4D3,1111,4,4.899999999999999,0.2969258002,0.2980302929575666,True
Device 4,C4D3,1111,4,4.939999999999998,0.2970667386,0.29803085111518557,True
Device 4,C4D3,1111,4,4.980000000000004,0.2969781488,0.2980313607112587,True
Device 4,C4D3,1111,4,5.020000000000003,0.2966133197,0.2980318259707999,True
Device 4,C4D3,1111,4,5.060000000000002,0.296649561,0.2980322507512332,True
Device 4,C4D3,1111,4,5.100000000000001,0.2963668789,0.29803263857437373,True
Device 4,C4D3,1111,4,5.140000000000001,0.2963950666,0.2980329926556275,True
Device 4,C4D3,1111,4,5.18,0.296389429,0.29803331593064936,True
Device 4,C4D3,1111,4,5.219999999999999,0.2961107737,0.2980336110796827,True
Device 4,C4D3,1111,4,5.259999999999998,0.2961727866,0.29803388054978086,True
Device 4,C4D3,1111,4,5.300000000000004,0.2961349346,0.29803412657509554,True
Device 4,C4D3,1111,4,5.340000000000003,0.2961373507,0.2980343511953999,True
Device 4,C4D3,1111,4,5.380000000000003,0.2959851372,0.29803455627300013,True
Device 4,C4D3,1111,4,5.420000000000002,0.2955043361,0.29803474350817566,True
Device 4,C4D3,1111,4,5.460000000000001,0.2958184273,0.298034914453276,True
Device 4,C4D3,1111,4,5.5,0.2957419179,0.2980350705255913,True
Device 4,C4D3,1111,4,5.539999999999999,0.2958804402,0.2980352130191026,True
Device 4,C4D3,1111,4,5.579999999999998,0.2961840617,0.29803534311521046,True
Device 4,C4D3,1111,4,5.619999999999997,0.2963403019,0.2980354618925297,True
Device 4,C4D3,1111,4,5.660000000000004,0.2966415074,0.2980355703358321,True
Device 4,C4D3,1111,4,5.700000000000003,0.296500569,0.2980356693442111,True
Device 4,C4D3,1111,4,5.740000000000002,0.2964514419,0.29803575973853597,True
Device 4,C4D3,1111,4,5.780000000000001,0.2961760081,0.2980358422682577,True
Device 4,C4D3,1111,4,5.82,0.2965078173,0.29803591761762266,True
Device 4,C4D3,1111,4,5.859999999999999,0.2962017797,0.2980359864113454,True
Device 4,C4D3,1111,4,5.899999999999999,0.295895742,0.29803604921978827,True
Device 4,C4D3,1111,4,5.939999999999998,0.2962106387,0.29803610656369045,True
Device 4,C4D3,1111,4,5.980000000000004,0.2964466097,0.2980361589184848,True
Device 4,C4D3,1111,4,6.020000000000003,0.2958611115,0.29803620671824005,True
Device 4,C4D3,1111,4,6.060000000000002,0.2960229893,0.2980362503592597,True
Device 4,C4D3,1111,4,6.100000000000001,0.2963145304,0.29803629020336725,True
Device 4,C4D3,1111,4,6.140000000000001,0.2961864778,0.2980363265809066,True
Device 4,C4D3,1111,4,6.18,0.2959118493,0.29803635979348064,True
Device 4,C4D3,1111,4,6.219999999999999,0.2957072873,0.2980363901164516,False
Device 4,C4D3,1111,4,6.259999999999998,0.2953392368,0.29803641780122453,False
Device 4,C4D3,1111,4,6.300000000000004,0.2956009795,0.2980364430773313,False
Device 4,C4D3,1111,4,6.340000000000003,0.2958981581,0.29803646615433377,False
Device 4,C4D3,1111,4,6.380000000000003,0.2957314482,0.29803648722356124,False
Device 4,C4D3,1111,5,0.0199999999999995,0.0774225737,-0.12136565323599618,False
Device 4,C4D3,1111,5,0.0600000000000022,0.0771696913,-0.08325388463191874,False
Device 4,C4D3,1111,5,0.1000000000000014,0.077726999,-0.048636962073028145,False
Device 4,C4D3,1111,5,0.1400000000000005,0.0778896813,-0.01719440846453124,False
Device 4,C4D3,1111,5,0.1799999999999997,0.0782279317,0.011364865565138327,False
Device 4,C4D3,1111,5,0.2199999999999988,0.0776480739,0.037305256516124596,False
Device 4,C4D3,1111,5,0.2600000000000015,0.0848673034,0.06086691575126507,False
Device 4,C4D3,1111,5,0.3000000000000007,0.0979149109,0.0822679727731784,True
Device 4,C4D3,1111,5,0.3399999999999998,0.1108167511,0.10170655462704647,True
Device 4,C4D3,1111,5,0.379999999999999,0.1223704238,0.11936262012430815,True
Device 4,C4D3,1111,5,0.4200000000000017,0.1338330935,0.1353996258682012,True
Device 4,C4D3,1111,5,0.4600000000000008,0.14455403,0.14996603950489173,True
Device 4,C4D3,1111,5,0.5,0.1562671712,0.1631967142096123,True
Device 4,C4D3,1111,5,0.5399999999999991,0.1666989887,0.17521413713252082,True
Device 4,C4D3,1111,5,0.5800000000000018,0.1768811471,0.1861295633621849,True
Device 4,C4D3,1111,5,0.620000000000001,0.1864085505,0.19604404590470165,True
Device 4,C4D3,1111,5,0.6600000000000001,0.1956371675,0.20504937121382644,True
Device 4,C4D3,1111,5,0.6999999999999993,0.2046950503,0.21322890893305646,True
Device 4,C4D3,1111,5,0.740000000000002,0.2135121324,0.2206583837164405,True
Device 4,C4D3,1111,5,0.7800000000000011,0.2211558066,0.22740657627347968,True
Device 4,C4D3,1111,5,0.8200000000000003,0.2287390802,0.23353596012827502,True
Device 4,C4D3,1111,5,0.8599999999999994,0.2363312144,0.23910327998790715,True
Device 4,C4D3,1111,5,0.9000000000000021,0.2424664525,0.2441600770744867,True
Device 4,C4D3,1111,5,0.9400000000000012,0.2488296088,0.24875316628429628,True
Device 4,C4D3,1111,5,0.9800000000000004,0.2546459261,0.25292506959148253,True
Device 4,C4D3,1111,5,1.0199999999999996,0.2599629204,0.25671440970866116,True
Device 4,C4D3,1111,5,1.0600000000000025,0.2644906615,0.2601562676488791,True
Device 4,C4D3,1111,5,1.1000000000000014,0.2686278029,0.26328250749917254,True
Device 4,C4D3,1111,5,1.1400000000000006,0.2727117911,0.2661220714124189,True
Device 4,C4D3,1111,5,1.1799999999999995,0.2758929693,0.26870124754845787,True
Device 4,C4D3,1111,5,1.2200000000000024,0.2787262315,0.2710439134450352,True
Device 4,C4D3,1111,5,1.2600000000000016,0.280898292,0.2731717570716491,True
Device 4,C4D3,1111,5,1.3000000000000007,0.2825090156,0.27510447761278006,True
Device 4,C4D3,1111,5,1.34,0.2837782658,0.2768599678393122,True
Device 4,C4D3,1111,5,1.379999999999999,0.2851892597,0.2784544797565119,True
Device 4,C4D3,1111,5,1.4200000000000017,0.2868185068,0.2799027750620998,True
Device 4,C4D3,1111,5,1.4600000000000009,0.2876834654,0.28121826180732995,True
Device 4,C4D3,1111,5,1.5,0.2889986215,0.28241311852625983,True
Device 4,C4D3,1111,5,1.5399999999999991,0.2907229015,0.2834984069823759,True
Device 4,C4D3,1111,5,1.5800000000000018,0.29069713,0.28448417457636294,True
Device 4,C4D3,1111,5,1.620000000000001,0.2908340415,0.28537954736308957,True
Device 4,C4D3,1111,5,1.66,0.2919059783,0.286192814538944,True
Device 4,C4D3,1111,5,1.6999999999999993,0.2922716127,0.2869315051816877,True
Device 4,C4D3,1111,5,1.740000000000002,0.2926968438,0.2876024579532708,True
Device 4,C4D3,1111,5,1.7800000000000011,0.2929014058,0.2882118844109052,True
Device 4,C4D3,1111,5,1.8200000000000005,0.2929940224,0.2887654265125177,True
Device 4,C4D3,1111,5,1.86,0.2930826122,0.28926820884895743,True
Device 4,C4D3,1111,5,1.900000000000002,0.2931671753,0.28972488608651426,True
Device 4,C4D3,1111,5,1.9400000000000013,0.2934611324,0.2901396860589622,True
Device 4,C4D3,1111,5,1.9800000000000004,0.2939797856,0.29051644890806605,True
Device 4,C4D3,1111,5,2.020000000000003,0.2933902605,0.29085866263490695,True
Device 4,C4D3,1111,5,2.0600000000000023,0.2933967035,0.2911694953911536,True
Device 4,C4D3,1111,5,2.1000000000000014,0.293384623,0.29145182480922754,True
Device 4,C4D3,1111,5,2.140000000000001,0.2933636836,0.29170826464289396,True
Device 4,C4D3,1111,5,2.18,0.2935352257,0.2919411889649129,True
Device 4,C4D3,1111,5,2.219999999999999,0.2936592515,0.2921527541457675,True
Device 4,C4D3,1111,5,2.259999999999998,0.2932992546,0.29234491881694524,True
Device 4,C4D3,1111,5,2.299999999999997,0.2934611324,0.29251946200358714,True
Device 4,C4D3,1111,5,2.3400000000000034,0.293571467,0.2926779995943753,True
Device 4,C4D3,1111,5,2.3800000000000026,0.2927902658,0.29282199930113245,True
Device 4,C4D3,1111,5,2.4200000000000017,0.2929924117,0.29295279424662823,True
Device 4,C4D3,1111,5,2.460000000000001,0.2933073082,0.29307159530638377,True
Device 4,C4D3,1111,5,2.5,0.2937309287,0.2931795023187346,True
Device 4,C4D3,1111,5,2.539999999999999,0.2932283828,0.2932775142669313,True
Device 4,C4D3,1111,5,2.5799999999999983,0.2928691913,0.29336653852754285,True
Device 4,C4D3,1111,5,2.619999999999997,0.2931212697,0.29344739927078106,True
Device 4,C4D3,1111,5,2.660000000000004,0.2936423389,0.29352084509051757,True
Device 4,C4D3,1111,5,2.700000000000003,0.293515897,0.29358755593462726,True
Device 4,C4D3,1111,5,2.740000000000002,0.2938001899,0.29364814939982103,True
Device 4,C4D3,1111,5,2.780000000000001,0.29360046,0.29370318644924215,True
Device 4,C4D3,1111,5,2.8200000000000003,0.2940482414,0.2937531766057597,True
Device 4,C4D3,1111,5,2.8599999999999994,0.2935126756,0.2937985826690378,True
Device 4,C4D3,1111,5,2.8999999999999986,0.2936753587,0.2938398250000493,True
Device 4,C4D3,1111,5,2.9399999999999977,0.2941650189,0.29387728541270036,True
Device 4,C4D3,1111,5,2.980000000000004,0.2936093191,0.2939113107085936,True
Device 4,C4D3,1111,5,3.020000000000003,0.2933169726,0.293942215887653,True
Device 4,C4D3,1111,5,3.0600000000000023,0.2937116,0.2939702870643355,True
Device 4,C4D3,1111,5,3.1000000000000014,0.294392131,0.29399578411642585,True
Device 4,C4D3,1111,5,3.140000000000001,0.2944976334,0.29401894309093746,True
Device 4,C4D3,1111,5,3.18,0.2944710565,0.29403997838939183,True
Device 4,C4D3,1111,5,3.219999999999999,0.2950509172,0.2940590847527087,True
Device 4,C4D3,1111,5,3.259999999999998,0.2936801909,0.2940764390640815,True
Device 4,C4D3,1111,5,3.299999999999997,0.2934627431,0.29409220198652924,True
Device 4,C4D3,1111,5,3.3400000000000034,0.2939757588,0.29410651945028554,True
Device 4,C4D3,1111,5,3.3800000000000026,0.2940023357,0.29411952400379343,True
Device 4,C4D3,1111,5,3.4200000000000017,0.2941070328,0.29413133604081465,True
Device 4,C4D3,1111,5,3.460000000000001,0.2940289127,0.2941420649150129,True
Device 4,C4D3,1111,5,3.5,0.293925021,0.2941518099523299,True
Device 4,C4D3,1111,5,3.539999999999999,0.2939395175,0.29416066137052677,True
Device 4,C4D3,1111,5,3.5799999999999983,0.2940466306,0.2941687011144033,True
Device 4,C4D3,1111,5,3.619999999999997,0.2937027411,0.29417600361442786,True
Device 4,C4D3,1111,5,3.660000000000004,0.2935650241,0.29418263647580095,True
Device 4,C4D3,1111,5,3.700000000000003,0.2940901202,0.29418866110433195,True
Device 4,C4D3,1111,5,3.740000000000002,0.2936954928,0.29419413327492233,True
Device 4,C4D3,1111,5,3.780000000000001,0.2938952226,0.2941991036479198,True
Device 4,C4D3,1111,5,3.82,0.2930882498,0.29420361823812236,True
Device 4,C4D3,1111,5,3.86,0.2933451603,0.29420771884077485,True
Device 4,C4D3,1111,5,3.899999999999999,0.2932879796,0.2942114434185015,True
Device 4,C4D3,1111,5,3.9399999999999977,0.2932525437,0.294214826452757,True
Device 4,C4D3,1111,5,3.980000000000004,0.2927612728,0.2942178992630497,True
Device 4,C4D3,1111,5,4.020000000000003,0.2930423442,0.29422069029689135,True
Device 4,C4D3,1111,5,4.060000000000002,0.2921355065,0.29422322539315937,True
Device 4,C4D3,1111,5,4.100000000000001,0.2928401983,0.2942255280213082,True
Device 4,C4D3,1111,5,4.140000000000001,0.2925446304,0.29422761949864523,True
Device 4,C4D3,1111,5,4.18,0.2932807314,0.29422951918768253,True
Device 4,C4D3,1111,5,4.219999999999999,0.2927250315,0.29423124467539147,True
Device 4,C4D3,1111,5,4.259999999999998,0.2932179131,0.2942328119360194,True
Device 4,C4D3,1111,5,4.300000000000004,0.2933209994,0.29423423547897676,True
Device 4,C4D3,1111,5,4.340000000000003,0.2928869092,0.29423552848316203,True
Device 4,C4D3,1111,5,4.380000000000003,0.293113216,0.2942367029189699,True
Device 4,C4D3,1111,5,4.420000000000002,0.2930205993,0.2942377696591108,True
Device 4,C4D3,1111,5,4.460000000000001,0.2932010005,0.2942387385792686,True
Device 4,C4D3,1111,5,4.5,0.2937776397,0.29423961864952763,True
Device 4,C4D3,1111,5,4.539999999999999,0.2933926766,0.2942404180174163,True
Device 4,C4D3,1111,5,4.579999999999998,0.2940506574,0.29424114408333535,True
Device 4,C4D3,1111,5,4.619999999999997,0.293346771,0.2942418035690694,True
Device 4,C4D3,1111,5,4.660000000000004,0.2935416686,0.2942424025800159,True
Device 4,C4D3,1111,5,4.700000000000003,0.2930125457,0.29424294666170786,True
Device 4,C4D3,1111,5,4.740000000000002,0.2932944225,0.29424344085115345,True
Device 4,C4D3,1111,5,4.780000000000001,0.2930310691,0.29424388972346754,True
Device 4,C4D3,1111,5,4.82,0.2928224803,0.29424429743422736,True
Device 4,C4D3,1111,5,4.859999999999999,0.2929271773,0.29424466775794406,True
Device 4,C4D3,1111,5,4.899999999999999,0.2931840879,0.29424500412300636,True
Device 4,C4D3,1111,5,4.939999999999998,0.293262208,0.29424530964342016,True
Device 4,C4D3,1111,5,4.980000000000004,0.2928273125,0.29424558714763716,True
Device 4,C4D3,1111,5,5.020000000000003,0.2933177779,0.2942458392047403,True
Device 4,C4D3,1111,5,5.060000000000002,0.2932098594,0.2942460681482278,True
Device 4,C4D3,1111,5,5.100000000000001,0.2935811314,0.29424627609761633,True
Device 4,C4D3,1111,5,5.140000000000001,0.2930624782,0.29424646497806306,True
Device 4,C4D3,1111,5,5.18,0.2931325447,0.29424663653818833,True
Device 4,C4D3,1111,5,5.219999999999999,0.2927991248,0.2942467923662643,True
Device 4,C4D3,1111,5,5.259999999999998,0.2926992599,0.29424693390491846,True
Device 4,C4D3,1111,5,5.300000000000004,0.2922861092,0.2942470624644897,True
Device 4,C4D3,1111,5,5.340000000000003,0.2919543001,0.2942471792351588,True
Device 4,C4D3,1111,5,5.380000000000003,0.2917078592,0.29424728529796723,True
Device 4,C4D3,1111,5,5.420000000000002,0.2916426249,0.2942473816348248,True
Device 4,C4D3,1111,5,5.460000000000001,0.2921862443,0.29424746913760047,True
Device 4,C4D3,1111,5,5.5,0.2918600727,0.2942475486163788,True
Device 4,C4D3,1111,5,5.539999999999999,0.2914686667,0.2942476208069597,True
Device 4,C4D3,1111,5,5.579999999999998,0.2920742989,0.2942476863776703,True
Device 4,C4D3,1111,5,5.619999999999997,0.2917014164,0.2942477459355521,True
Device 4,C4D3,1111,5,5.660000000000004,0.2917626239,0.29424780003198103,True
Device 4,C4D3,1111,5,5.700000000000003,0.2905795471,0.2942478491677719,True
Device 4,C4D3,1111,5,5.740000000000002,0.2909129669,0.2942478937978148,True
Device 4,C4D3,1111,5,5.780000000000001,0.2913961841,0.2942479343352864,True
Device 4,C4D3,1111,5,5.82,0.2911803471,0.29424797115547524,True
Device 4,C4D3,1111,5,5.859999999999999,0.291224642,0.29424800459925576,True
Device 4,C4D3,1111,5,5.899999999999999,0.291344641,0.29424803497624435,True
Device 4,C4D3,1111,5,5.939999999999998,0.2915612833,0.2942480625676656,True
Device 4,C4D3,1111,5,5.980000000000004,0.2915548405,0.2942480876289558,True
Device 4,C4D3,1111,5,6.020000000000003,0.2917755096,0.2942481103921277,True
Device 4,C4D3,1111,5,6.060000000000002,0.2920453059,0.2942481310679187,True
Device 4,C4D3,1111,5,6.100000000000001,0.2924487923,0.29424814984774134,True
Device 4,C4D3,1111,5,6.140000000000001,0.2922643644,0.29424816690545574,True
Device 4,C4D3,1111,5,6.18,0.291823026,0.29424818239897915,True
Device 4,C4D3,1111,5,6.219999999999999,0.291907589,0.29424819647174777,False
Device 4,C4D3,1111,5,6.259999999999998,0.292757246,0.29424820925404466,False
Device 4,C4D3,1111,5,6.300000000000004,0.2925816771,0.29424822086420593,False
Device 4,C4D3,1111,5,6.340000000000003,0.2926541596,0.2942482314097164,False
Device 4,C4D3,1111,5,6.380000000000003,0.2923577864,0.29424824098820446,False
